Date,days,days_m,Bsr,dB,Kp1,Kp2,Kp3,Kp4,Kp5,Kp6,Kp7,Kp8,ap1,ap2,ap3,ap4,ap5,ap6,ap7,ap8,Ap,SN,F10.7obs,F10.7adj,D
01-01-2023,33238,33238.5,2583,11,2.333,3,2,2.667,1.667,2.667,3.667,4,9,15,7,12,6,12,22,27,14,108,152.6,147.5,2
02-01-2023,33239,33239.5,2583,12,2,2,1,1.667,1.333,1.333,2,3,7,7,4,6,5,5,7,15,7,109,146.4,141.5,2
03-01-2023,33240,33240.5,2583,13,1.333,0.333,0.667,0.333,1,2,2.333,2.667,5,2,3,2,4,7,9,12,6,108,148.5,143.6,2
04-01-2023,33241,33241.5,2583,14,4,4.667,4.333,3.333,3.333,2,1.667,0.667,27,39,32,18,18,7,6,3,19,96,151,146,2
05-01-2023,33242,33242.5,2583,15,0.333,0.667,1,1.333,2.667,3,2.667,2.667,2,3,4,5,12,15,12,12,8,112,154.3,149.2,2
06-01-2023,33243,33243.5,2583,16,1,0.333,0.333,0.667,1,0.333,1.333,1.333,4,2,2,3,4,2,5,5,3,131,172.4,166.7,2
07-01-2023,33244,33244.5,2583,17,1,2.333,1,0.333,0.333,2.667,2.333,0.333,4,9,4,2,2,12,9,2,6,133,178.9,173,2
08-01-2023,33245,33245.5,2583,18,2,2.333,2,1.667,3,1.333,1,0.667,7,9,7,6,15,5,4,3,7,135,183.8,177.8,2
09-01-2023,33246,33246.5,2583,19,1.667,0.333,0.333,1,0.667,1.667,2,1.333,6,2,2,4,3,6,7,5,4,148,190.9,184.7,2
10-01-2023,33247,33247.5,2583,20,0.667,0.667,0.667,0.667,2,3,1.667,2,3,3,3,3,7,15,6,7,6,179,193,186.6,2
11-01-2023,33248,33248.5,2583,21,1.667,2.667,1.667,1.667,1,2,2.333,2.333,6,12,6,6,4,7,9,9,7,168,195.1,188.7,2
12-01-2023,33249,33249.5,2583,22,3,2,2,1.667,2,2,1.667,3,15,7,7,6,7,7,6,15,9,171,211.6,204.7,2
13-01-2023,33250,33250.5,2583,23,2.333,1.667,2,2.333,2.333,1.667,3.333,4,9,6,7,9,9,6,18,27,11,178,208.5,201.7,2
14-01-2023,33251,33251.5,2583,24,3,3.333,2.333,1.667,0.667,1,1.667,2.667,15,18,9,6,3,4,6,12,9,189,227.8,220.4,2
15-01-2023,33252,33252.5,2583,25,4.667,3.667,3.667,3.667,3.667,3.667,4,5,39,22,22,22,22,22,27,48,28,199,234.3,226.7,2
16-01-2023,33253,33253.5,2583,26,4,1.667,3,3,3.333,3.333,1.667,0.667,27,6,15,15,18,18,6,3,14,190,228.1,220.7,2
17-01-2023,33254,33254.5,2583,27,0,1.667,1.667,1,1,0.333,0,3.333,0,6,6,4,4,2,0,18,5,188,221.7,214.6,2
18-01-2023,33255,33255.5,2584,1,4,4,3.333,2.667,2.667,2.333,1.667,0.667,27,27,18,12,12,9,6,3,14,195,220.3,213.2,2
19-01-2023,33256,33256.5,2584,2,0,1,2.667,2.667,2.333,0.333,0.667,1.333,0,4,12,12,9,2,3,5,6,205,226.1,218.9,2
20-01-2023,33257,33257.5,2584,3,1,1,0,1.333,1.667,2.667,1.333,1.333,4,4,0,5,6,12,5,5,5,206,217.5,210.6,2
21-01-2023,33258,33258.5,2584,4,2.333,4,4,1.667,2.333,3,3.333,2.667,9,27,27,6,9,15,18,12,15,195,208.7,202.1,2
22-01-2023,33259,33259.5,2584,5,2,1.333,2.333,2,2,2.333,3.333,1.667,7,5,9,7,7,9,18,6,8,166,198.6,192.3,2
23-01-2023,33260,33260.5,2584,6,0.333,1.667,1,0.667,3,2,1.333,2.333,2,6,4,3,15,7,5,9,6,162,189.1,183.2,2
24-01-2023,33261,33261.5,2584,7,1,0.333,0.667,1.333,1.333,1,0.667,0.333,4,2,3,5,5,4,3,2,4,151,180.2,174.6,2
25-01-2023,33262,33262.5,2584,8,0,0,0.333,2,3,2.333,1.667,1.333,0,0,2,7,15,9,6,5,6,137,171.8,166.5,2
26-01-2023,33263,33263.5,2584,9,1,2.667,2.667,2.333,2.667,2.667,2.667,1,4,12,12,9,12,12,12,4,10,110,150.6,146,2
27-01-2023,33264,33264.5,2584,10,0.667,0.333,1.667,2.333,2.667,3.333,1.667,2.333,3,2,6,9,12,18,6,9,8,86,144.9,140.5,2
28-01-2023,33265,33265.5,2584,11,3,2.667,2,1,2.667,2.333,2.667,1.333,15,12,7,4,12,9,12,5,10,85,137.6,133.4,2
29-01-2023,33266,33266.5,2584,12,0,0.333,2,1,1,2,0.667,1.667,0,2,7,4,4,7,3,6,4,79,137,132.9,2
30-01-2023,33267,33267.5,2584,13,1,0.333,0.667,1,0.667,0.667,1,2.667,4,2,3,4,3,3,4,12,4,76,135.9,131.9,2
31-01-2023,33268,33268.5,2584,14,0,2,2.667,2,1,3.333,2.333,1.667,0,7,12,7,4,18,9,6,8,80,137,132.9,2
01-02-2023,33269,33269.5,2584,15,1,0.667,0.333,0.333,1,1.333,2.667,2.333,4,3,2,2,4,5,12,9,5,72,133.5,129.6,2
02-02-2023,33270,33270.5,2584,16,3.333,1.667,0.333,0.667,0.333,0,0.333,0.667,18,6,2,3,2,0,2,3,4,58,134.9,131,2
03-02-2023,33271,33271.5,2584,17,2,1.667,0.333,0.333,1.667,3,2.667,1.667,7,6,2,2,6,15,12,6,7,64,134.5,130.7,2
04-02-2023,33272,33272.5,2584,18,2.667,2.667,0.667,0.333,1,0.667,0,1,12,12,3,2,4,3,0,4,5,71,139,135.1,2
05-02-2023,33273,33273.5,2584,19,0.333,2,0.333,1,1,1.333,1.667,1.333,2,7,2,4,4,5,6,5,4,74,144,140,2
06-02-2023,33274,33274.5,2584,20,3,3.333,2.667,3.333,2.667,2.333,3.667,3.667,15,18,12,18,12,9,22,22,16,111,156.7,152.4,2
07-02-2023,33275,33275.5,2584,21,4,4,3.333,3.667,3,3,2.667,2.667,27,27,18,22,15,15,12,12,18,107,184.7,179.7,2
08-02-2023,33276,33276.5,2584,22,3,3.333,3,4,3.333,2.667,3.333,3,15,18,15,27,18,12,18,15,17,125,197.6,192.3,2
09-02-2023,33277,33277.5,2584,23,3,4,2.667,3,2.333,3.333,3.333,4.333,15,27,12,15,9,18,18,32,18,129,214.9,209.1,2
10-02-2023,33278,33278.5,2584,24,4,2.667,2.333,2.667,3,2,3.333,3.667,27,12,9,12,15,7,18,22,15,163,207.8,202.3,2
11-02-2023,33279,33279.5,2584,25,3.333,3,2,2.333,2.333,1,1,0.333,18,15,7,9,9,4,4,2,8,166,209.5,204.1,2
12-02-2023,33280,33280.5,2584,26,1.667,2,1.667,2,1.667,1.667,2.333,2,6,7,6,7,6,6,9,7,7,159,199.7,194.6,2
13-02-2023,33281,33281.5,2584,27,0.667,0,0.667,0.667,2,1,1.333,1,3,0,3,3,7,4,5,4,4,177,189.2,184.4,2
14-02-2023,33282,33282.5,2585,1,2,0.333,2.333,2,1,1.333,0.667,2.333,7,2,9,7,4,5,3,9,6,159,179.7,175.3,2
15-02-2023,33283,33283.5,2585,2,2.667,3.667,5.333,4.333,3.333,4,3.333,4.333,12,22,56,32,18,27,18,32,27,121,173.7,169.5,2
16-02-2023,33284,33284.5,2585,3,3,2.667,5,4.333,4.333,4.333,1.333,1.333,15,12,48,32,32,32,5,5,23,91,163.2,159.2,2
17-02-2023,33285,33285.5,2585,4,1.667,3,2,1.333,1.333,0.667,1,0,6,15,7,5,5,3,4,0,6,86,343.1,335,2
18-02-2023,33286,33286.5,2585,5,1,2,0.667,1.333,2,0.667,2.333,2,4,7,3,5,7,3,9,7,6,104,167.4,163.6,2
19-02-2023,33287,33287.5,2585,6,2.667,0.667,1.333,1,2,1.333,1.333,1.333,12,3,5,4,7,5,5,5,6,107,169,165.2,2
20-02-2023,33288,33288.5,2585,7,0.667,0.333,1.667,3,2.333,1.667,2.333,1.667,3,2,6,15,9,6,9,6,7,112,159.8,156.3,2
21-02-2023,33289,33289.5,2585,8,3,3.333,3.333,4,3.667,1.667,1,1.333,15,18,18,27,22,6,4,5,14,104,160.9,157.4,2
22-02-2023,33290,33290.5,2585,9,1.333,0.333,1.333,1.667,2,2,2,2.333,5,2,5,6,7,7,7,9,6,86,151.9,148.6,2
23-02-2023,33291,33291.5,2585,10,4.333,3.667,3,2.667,2.667,4,3.333,3.667,32,22,15,12,12,27,18,22,20,90,148.2,145.1,2
24-02-2023,33292,33292.5,2585,11,2.333,1,2,1.333,1.667,0.667,0,0.333,9,4,7,5,6,3,0,2,4,117,164.1,160.7,2
25-02-2023,33293,33293.5,2585,12,0.667,0.333,1.667,2,2,3.333,3,3.333,3,2,6,7,7,18,15,18,10,127,279.3,273.7,2
26-02-2023,33294,33294.5,2585,13,3.333,2.333,3,3.333,3,1.667,5,5.667,18,9,15,18,15,6,48,67,24,119,159,155.9,2
27-02-2023,33295,33295.5,2585,14,5,6,6.667,6.667,6.333,6.667,6.333,6,48,80,111,111,94,111,94,80,91,126,161.2,158.1,2
28-02-2023,33296,33296.5,2585,15,5.667,4.667,3,3,1.667,1.333,4,4.333,67,39,15,15,6,5,27,32,26,91,160.9,157.9,2
01-03-2023,33297,33297.5,2585,16,3,1,1.333,2.667,0.667,1.333,2,2,15,4,5,12,3,5,7,7,7,93,162,159,2
02-03-2023,33298,33298.5,2585,17,0.667,1.333,2,2,1.333,1.667,2.667,3.667,3,5,7,7,5,6,12,22,8,100,168.8,165.8,2
03-03-2023,33299,33299.5,2585,18,3.667,3.667,3.333,3.333,3.333,2,4,4,22,22,18,18,18,7,27,27,20,119,190.9,187.5,2
04-03-2023,33300,33300.5,2585,19,3.333,3,3,3.333,2,2.667,3.333,4,18,15,15,18,7,12,18,27,16,127,181.6,178.6,2
05-03-2023,33301,33301.5,2585,20,3.333,3.333,3.667,2.667,4,3.333,4.333,3.667,18,18,22,12,27,18,32,22,21,151,179.8,176.8,2
06-03-2023,33302,33302.5,2585,21,3.667,3,2.667,2,2.667,3,2.667,3.667,22,15,12,7,12,15,12,22,15,185,188,185,2
07-03-2023,33303,33303.5,2585,22,2.333,3,3,2.667,2,1,1,0.667,9,15,15,12,7,4,4,3,9,186,180.3,177.5,2
08-03-2023,33304,33304.5,2585,23,0.333,1.667,2,1.667,1.333,1.333,3,2.333,2,6,7,6,5,5,15,9,7,166,181.9,179.2,2
09-03-2023,33305,33305.5,2585,24,2,3,4,3.333,3,3,2.333,2,7,15,27,18,15,15,9,7,14,156,178.8,176.2,2
10-03-2023,33306,33306.5,2585,25,3.333,1.667,1.667,0.333,1,3,2.333,2.667,18,6,6,2,4,15,9,12,9,148,171.2,168.8,2
11-03-2023,33307,33307.5,2585,26,2.667,1.667,1.333,0.333,1,0.667,1.333,2.667,12,6,5,2,4,3,5,12,6,149,157.4,155.3,2
12-03-2023,33308,33308.5,2585,27,3,2,3,2.333,0.667,0.333,0.667,0.667,15,7,15,9,3,2,3,3,7,136,150,148.1,2
13-03-2023,33309,33309.5,2586,1,0.333,0,0.333,0.333,0.667,1.333,0.667,0.333,2,0,2,2,3,5,3,2,2,104,143.3,141.5,2
14-03-2023,33310,33310.5,2586,2,2.667,3.667,3.333,3.333,3.333,3,2.667,4.333,12,22,18,18,18,15,12,32,18,115,138.5,136.9,2
15-03-2023,33311,33311.5,2586,3,3.667,5.667,4,4,3,2,2,5.667,22,67,27,27,15,7,7,67,30,107,135.7,134.2,2
16-03-2023,33312,33312.5,2586,4,3.667,2.333,0.667,1,0,0.333,0.667,0.333,22,9,3,4,0,2,3,2,6,94,135.4,133.9,2
17-03-2023,33313,33313.5,2586,5,0.333,1.333,1.667,2.333,2.333,0.667,0.333,2,2,5,6,9,9,3,2,7,5,72,134.2,132.9,2
18-03-2023,33314,33314.5,2586,6,2,2.667,2,2.333,2.333,1.333,2.333,1.333,7,12,7,9,9,5,9,5,8,44,140.3,139,2
19-03-2023,33315,33315.5,2586,7,1.667,2.667,2,1.333,1.667,2.333,3.333,1.667,6,12,7,5,6,9,18,6,9,73,142.7,141.4,2
20-03-2023,33316,33316.5,2586,8,3,0.333,0.333,2,3.667,4,1.333,2.333,15,2,2,7,22,27,5,9,11,83,156.1,154.8,2
21-03-2023,33317,33317.5,2586,9,2.333,1,1.667,2,1,2.333,1.333,2,9,4,6,7,4,9,5,7,6,96,151.6,150.4,2
22-03-2023,33318,33318.5,2586,10,3.667,3.667,3,3.333,2.333,3,3.333,0.333,22,22,15,18,9,15,18,2,15,104,158.9,157.7,2
23-03-2023,33319,33319.5,2586,11,0.667,1.667,3,4.667,6.667,4.667,6.333,7,3,6,15,39,111,39,94,132,55,112,151,150,2
24-03-2023,33320,33320.5,2586,12,7.333,8,6.333,4,2.333,3.667,4.667,4.333,154,207,94,27,9,22,39,32,73,149,157.5,156.6,2
25-03-2023,33321,33321.5,2586,13,3,2,3.667,3.667,2.667,2.333,2.667,2.333,15,7,22,22,12,9,12,9,14,153,160.3,159.4,2
26-03-2023,33322,33322.5,2586,14,2.667,2.667,1.667,0.667,0.667,1,2.667,1.667,12,12,6,3,3,4,12,6,7,154,159.4,158.6,2
27-03-2023,33323,33323.5,2586,15,0.333,0.333,0.333,0.333,0.333,0.667,1,1,2,2,2,2,2,3,4,4,3,158,158.2,157.5,2
28-03-2023,33324,33324.5,2586,16,1.333,0.333,0.333,0.667,1.667,1,0.667,1,5,2,2,3,6,4,3,4,4,148,158.7,158.1,2
29-03-2023,33325,33325.5,2586,17,2,0.667,0.667,0.667,1.667,1.333,1.333,1.667,7,3,3,3,6,5,5,6,5,158,147.8,147.3,2
30-03-2023,33326,33326.5,2586,18,3,2.333,2.333,3,2.667,3.667,5,2.667,15,9,9,15,12,22,48,12,18,108,140.3,140,2
31-03-2023,33327,33327.5,2586,19,4,4.333,3.333,3.333,2.333,2.333,3,4,27,32,18,18,9,9,15,27,19,75,129.3,129,2
01-04-2023,33328,33328.5,2586,20,2,1,1.667,3.333,3.333,3.667,2.667,3.667,7,4,6,18,18,22,12,22,14,61,125.3,125.1,1
02-04-2023,33329,33329.5,2586,21,3.667,3.667,2.667,3.333,2.333,0.667,2,3.333,22,22,12,18,9,3,7,18,14,49,126.9,126.7,1
03-04-2023,33330,33330.5,2586,22,3.333,1.333,1.333,1.667,2.667,3,3.667,3,18,5,5,6,12,15,22,15,12,61,133.6,133.5,1
04-04-2023,33331,33331.5,2586,23,3.667,3.667,2.333,2.333,2,1.333,2.667,3,22,22,9,9,7,5,12,15,13,64,135.7,135.7,1
05-04-2023,33332,33332.5,2586,24,3,2,1.667,2,3,3.333,2.667,2,15,7,6,7,15,18,12,7,11,52,136.6,136.7,1
06-04-2023,33333,33333.5,2586,25,1.333,1.333,1,2.333,2,1,3,2,5,5,4,9,7,4,15,7,7,48,137.1,137.2,1
07-04-2023,33334,33334.5,2586,26,3,2.667,1.667,1.667,1.667,1,1.333,2,15,12,6,6,6,4,5,7,8,47,136.3,136.6,1
08-04-2023,33335,33335.5,2586,27,1,2,1.667,1,0.667,1.333,0.333,2,4,7,6,4,3,5,2,7,5,48,135.9,136.2,1
09-04-2023,33336,33336.5,2587,1,3,1,0.667,1,1,1.333,1.333,2,15,4,3,4,4,5,5,7,6,59,140.3,140.7,1
10-04-2023,33337,33337.5,2587,2,2.667,3.333,3.333,3,2.667,2.667,1.333,1.333,12,18,18,15,12,12,5,5,12,89,139.8,140.3,1
11-04-2023,33338,33338.5,2587,3,0.333,1,2.333,0.667,1,1.333,1.667,0.333,2,4,9,3,4,5,6,2,4,106,143.4,144,1
12-04-2023,33339,33339.5,2587,4,0,0,1,0.333,1.333,1,0.333,1,0,0,4,2,5,4,2,4,3,124,154,154.7,1
13-04-2023,33340,33340.5,2587,5,2.333,1.667,0.333,0.333,0.667,2,1.667,2,9,6,2,2,3,7,6,7,5,147,159.5,160.4,1
14-04-2023,33341,33341.5,2587,6,1.333,0,1.333,2,2.333,2,0.667,2,5,0,5,7,9,7,3,7,5,159,171.3,172.3,1
15-04-2023,33342,33342.5,2587,7,2.333,1.333,2.333,1.667,2,1.667,1.333,2,9,5,9,6,7,6,5,7,7,173,175.8,176.9,1
16-04-2023,33343,33343.5,2587,8,0.667,0.667,1.667,1,1,0.333,1,1,3,3,6,4,4,2,4,4,4,177,177.8,179.1,1
17-04-2023,33344,33344.5,2587,9,1.333,1,1.333,1.333,1,1.667,0.333,1.333,5,4,5,5,4,6,2,5,4,145,166.6,167.8,1
18-04-2023,33345,33345.5,2587,10,0.333,1,0.333,0.333,3.667,4.667,3.667,2.667,2,4,2,2,22,39,22,12,13,132,153.2,154.4,1
19-04-2023,33346,33346.5,2587,11,2.667,1,1,3.333,3.667,2.333,1,0.667,12,4,4,18,22,9,4,3,10,101,147,148.3,1
20-04-2023,33347,33347.5,2587,12,0.333,0.667,0.667,0.667,1.333,2.333,1,1.667,2,3,3,3,5,9,4,6,4,101,147,148.4,1
21-04-2023,33348,33348.5,2587,13,2,1.333,1,1.667,1.667,2.333,3.333,3,7,5,4,6,6,9,18,15,9,104,151.2,152.7,1
22-04-2023,33349,33349.5,2587,14,2.333,2.333,1.333,0.333,0.333,1.667,1.333,2.333,9,9,5,2,2,6,5,9,6,98,141.2,142.7,1
23-04-2023,33350,33350.5,2587,15,2.333,1.667,1.333,3.333,4.667,5.333,8.333,7.333,9,6,5,18,39,56,236,154,65,80,135.2,136.7,1
24-04-2023,33351,33351.5,2587,16,6.667,8,7,5.667,3.667,3,2.333,3,111,207,132,67,22,15,9,15,72,72,133.9,135.5,1
25-04-2023,33352,33352.5,2587,17,1.333,0.333,0.333,1,2.667,2.667,3.333,2.333,5,2,2,4,12,12,18,9,8,72,130.7,132.3,1
26-04-2023,33353,33353.5,2587,18,2.667,3.333,2,2.333,3.333,3,3.333,3,12,18,7,9,18,15,18,15,14,96,136.5,138.2,1
27-04-2023,33354,33354.5,2587,19,4.333,4,3.333,3.667,3.333,3.667,2.667,3,32,27,18,22,18,22,12,15,21,110,140.8,142.6,1
28-04-2023,33355,33355.5,2587,20,3.333,4,2.667,2.667,3.333,4,3,3.333,18,27,12,12,18,27,15,18,18,109,149.8,151.8,1
29-04-2023,33356,33356.5,2587,21,3.333,3.333,3.333,4,4,3.667,3.333,2.333,18,18,18,27,27,22,18,9,20,108,155.8,158,1
30-04-2023,33357,33357.5,2587,22,3,3,3,1.333,1.667,1.667,0.667,1.333,15,15,15,5,6,6,3,5,9,100,153.5,155.8,1
01-05-2023,33358,33358.5,2587,23,2.667,1.333,2,1.333,1.333,2.333,2.667,3.333,12,5,7,5,5,9,12,18,9,105,147.9,150.1,1
02-05-2023,33359,33359.5,2587,24,3.333,2.667,1.667,2.667,1,1,1.667,0.667,18,12,6,12,4,4,6,3,8,123,156.8,159.2,1
03-05-2023,33360,33360.5,2587,25,0,0,0.333,0.333,1,1,0.667,2,0,0,2,2,4,4,3,7,3,122,156.2,158.7,1
04-05-2023,33361,33361.5,2587,26,1.333,1.333,1.667,0.667,0.667,2,1,2.333,5,5,6,3,3,7,4,9,5,138,162,164.7,1
05-05-2023,33362,33362.5,2587,27,1.667,0.667,0.667,0.667,0.333,0.333,0.667,0.667,6,3,3,3,2,2,3,3,3,114,161.9,164.7,1
06-05-2023,33363,33363.5,2588,1,4.333,6,3.333,4.667,4.333,2.667,3,2,32,80,18,39,32,12,15,7,29,116,151.8,154.5,1
07-05-2023,33364,33364.5,2588,2,1,1.667,2,1.333,2.333,4,2,2.667,4,6,7,5,9,27,7,12,10,133,157.2,160,1
08-05-2023,33365,33365.5,2588,3,4.333,1.667,1.333,1,3.667,3.333,2.333,3.667,32,6,5,4,22,18,9,22,15,130,171.9,175.1,1
09-05-2023,33366,33366.5,2588,4,3.667,2.667,1,1.333,2.333,2,1.667,4.333,22,12,4,5,9,7,6,32,12,177,194.7,198.4,1
10-05-2023,33367,33367.5,2588,5,3.667,5.333,2.667,4,4.667,3.333,2,2.667,22,56,12,27,39,18,7,12,24,165,170.1,173.4,1
11-05-2023,33368,33368.5,2588,6,2.667,2.667,2,1.667,1.333,1.667,2,2.333,12,12,7,6,5,6,7,9,8,158,163.4,166.7,1
12-05-2023,33369,33369.5,2588,7,2.333,3,3,2.333,5.333,3.333,2.667,2.333,9,15,15,9,56,18,12,9,18,142,149.1,152.2,1
13-05-2023,33370,33370.5,2588,8,2.333,2,2,0.667,1.333,2.333,3.667,4,9,7,7,3,5,9,22,27,11,133,143.8,146.8,1
14-05-2023,33371,33371.5,2588,9,0.667,1.333,0.667,1,2,3.333,3,2.333,3,5,3,4,7,18,15,9,8,134,139.7,142.7,1
15-05-2023,33372,33372.5,2588,10,1,0.333,0.333,0.333,1,1.333,2.667,1.667,4,2,2,2,4,5,12,6,5,111,134.5,137.4,1
16-05-2023,33373,33373.5,2588,11,2.333,2,2.667,1,1.333,1.333,1.667,1.333,9,7,12,4,5,5,6,5,7,106,134.3,137.3,1
17-05-2023,33374,33374.5,2588,12,1,0.667,0.333,0.667,0.667,0.667,0.667,0.333,4,3,2,3,3,3,3,2,3,106,137.9,141,1
18-05-2023,33375,33375.5,2588,13,0.667,0.333,0.333,0.333,0.333,0,0.333,0,3,2,2,2,2,0,2,0,2,134,150.6,154.1,1
19-05-2023,33376,33376.5,2588,14,0.333,0.333,0.333,0.667,1,1.667,3,4,2,2,2,3,4,6,15,27,8,143,164.6,168.5,1
20-05-2023,33377,33377.5,2588,15,5.667,5,4.667,4.667,2.667,3.333,3,3.333,67,48,39,39,12,18,15,18,32,144,169.6,173.7,1
21-05-2023,33378,33378.5,2588,16,2.667,2,1.333,1.333,3,4,5.667,5.667,12,7,5,5,15,27,67,67,26,144,163.4,167.3,1
22-05-2023,33379,33379.5,2588,17,4.667,3.333,2.667,2.667,2.333,3.333,4,4,39,18,12,12,9,18,27,27,20,138,161.5,165.5,1
23-05-2023,33380,33380.5,2588,18,2.667,3,2.667,2,0.667,1,3.333,3.667,12,15,12,7,3,4,18,22,12,128,154.9,158.8,1
24-05-2023,33381,33381.5,2588,19,2,2.333,1.333,2,2.667,2.333,3,2.667,7,9,5,7,12,9,15,12,10,150,164.1,168.2,1
25-05-2023,33382,33382.5,2588,20,3,2.667,3,2.667,2,1.333,3,1.667,15,12,15,12,7,5,15,6,11,151,152.1,156,1
26-05-2023,33383,33383.5,2588,21,1.667,1.667,1.333,1,1,1,1.333,1.667,6,6,5,4,4,4,5,6,5,145,149,152.9,1
27-05-2023,33384,33384.5,2588,22,0.667,1,0.667,0.667,0.333,0.333,1,2,3,4,3,3,2,2,4,7,4,139,156.9,161.1,1
28-05-2023,33385,33385.5,2588,23,2.667,3,2,2,3,1.333,1.667,1.667,12,15,7,7,15,5,6,6,9,146,151.3,155.4,1
29-05-2023,33386,33386.5,2588,24,0.667,0.333,0.333,0.667,0.667,1,1,1.333,3,2,2,3,3,4,4,5,3,157,154.4,158.6,1
30-05-2023,33387,33387.5,2588,25,0.667,0.333,0.667,1,0.667,1,1.333,2,3,2,3,4,3,4,5,7,4,165,162,166.5,1
31-05-2023,33388,33388.5,2588,26,2.333,1.333,2.333,1.667,2.333,2.667,2.333,3,9,5,9,6,9,12,9,15,9,179,161.4,165.9,1
01-06-2023,33389,33389.5,2588,27,3.667,2.333,3.667,2,3,2.333,2.333,2,22,9,22,7,15,9,9,7,12,155,163.9,168.5,1
02-06-2023,33390,33390.5,2589,1,2,1.333,1.333,0.667,0.667,0.667,1,1.667,7,5,5,3,3,3,4,6,4,147,162.3,166.9,1
03-06-2023,33391,33391.5,2589,2,1,0.667,0.667,0.667,0.333,0.333,0.667,1.667,4,3,3,3,2,2,3,6,3,145,164.6,169.3,1
04-06-2023,33392,33392.5,2589,3,2,1,2,2.333,1.333,1.333,4,2,7,4,7,9,5,5,27,7,9,146,168.3,173.2,1
05-06-2023,33393,33393.5,2589,4,0.333,0.667,1,1.333,0.333,0.667,1.667,1.667,2,3,4,5,2,3,6,6,4,158,169.2,174.1,1
06-06-2023,33394,33394.5,2589,5,2.667,2,1,1.333,2,0.667,0.667,0.333,12,7,4,5,7,3,3,2,5,186,171.8,176.9,1
07-06-2023,33395,33395.5,2589,6,0.333,0.667,0.333,1,0.667,0.333,0.667,2,2,3,2,4,3,2,3,7,3,201,167.2,172.1,1
08-06-2023,33396,33396.5,2589,7,1.667,1.333,1,1.333,1.667,1,1,0.333,6,5,4,5,6,4,4,2,4,183,168.5,173.6,1
09-06-2023,33397,33397.5,2589,8,1,0.667,0,0.333,0,1,1.667,1,4,3,0,2,0,4,6,4,3,170,164.3,169.3,1
10-06-2023,33398,33398.5,2589,9,0.667,0.333,0.333,1.333,1.333,1.333,1.333,0.667,3,2,2,5,5,5,5,3,4,168,161.2,166.1,1
11-06-2023,33399,33399.5,2589,10,2.333,3,2.333,1.333,2,2.667,1.667,1.333,9,15,9,5,7,12,6,5,8,149,153.8,158.6,1
12-06-2023,33400,33400.5,2589,11,1.333,1,1.333,1.333,2.333,2,1.333,1.333,5,4,5,5,9,7,5,5,6,124,146.1,150.7,1
13-06-2023,33401,33401.5,2589,12,1,1,1.333,1.333,1.333,2.333,0.667,1.333,4,4,5,5,5,9,3,5,5,91,146.3,150.9,1
14-06-2023,33402,33402.5,2589,13,2.667,0.667,0.333,0.667,0.333,0.667,0.333,0.333,12,3,2,3,2,3,2,2,4,118,143.5,148,1
15-06-2023,33403,33403.5,2589,14,1.333,1.333,1.333,2,4.333,5,5,5.333,5,5,5,7,32,48,48,56,26,126,153.1,157.9,1
16-06-2023,33404,33404.5,2589,15,4.667,6,4,4.667,4,3,2.667,3,39,80,27,39,27,15,12,15,32,132,157.2,162.2,1
17-06-2023,33405,33405.5,2589,16,2.333,2,2,2,1.667,2.333,2,1.667,9,7,7,7,6,9,7,6,7,132,158.1,163.2,1
18-06-2023,33406,33406.5,2589,17,2.667,2.333,1.333,1.667,1.667,2.333,3,2,12,9,5,6,6,9,15,7,9,163,164.1,169.4,1
19-06-2023,33407,33407.5,2589,18,2.333,1.667,1.667,1.333,2.333,3,3.333,3.333,9,6,6,5,9,15,18,18,11,186,168.8,174.3,1
20-06-2023,33408,33408.5,2589,19,2.667,2,1,1.667,2,2.333,1.667,2.667,12,7,4,6,7,9,6,12,8,211,180.1,186,1
21-06-2023,33409,33409.5,2589,20,2,2,1,1,1,0.667,1.333,2.667,7,7,4,4,4,3,5,12,6,219,176.4,182.2,1
22-06-2023,33410,33410.5,2589,21,0.667,1.333,2.667,2.667,2.667,2,2.333,2.667,3,5,12,12,12,7,9,12,9,240,173.2,178.8,1
23-06-2023,33411,33411.5,2589,22,2.333,2,1.333,2.333,2,2.667,2.333,2,9,7,5,9,7,12,9,7,8,231,169.7,175.2,1
24-06-2023,33412,33412.5,2589,23,1.333,3,3,2.333,2.667,3,3.667,4.333,5,15,15,9,12,15,22,32,16,223,160.8,166.1,1
25-06-2023,33413,33413.5,2589,24,5,2.333,1.667,1,2.333,3.333,3.333,2.667,48,9,6,4,9,18,18,12,16,206,154.8,159.9,1
26-06-2023,33414,33414.5,2589,25,2,2.333,2.333,2,2.667,3,2,3,7,9,9,7,12,15,7,15,10,175,157.7,162.9,1
27-06-2023,33415,33415.5,2589,26,2.333,2,2.333,1.667,2,2,1.667,2,9,7,9,6,7,7,6,7,7,159,151.2,156.2,1
28-06-2023,33416,33416.5,2589,27,2,2.333,1.333,2.333,1.667,1.333,2,2.333,7,9,5,9,6,5,7,9,7,138,154.9,160.1,1
29-06-2023,33417,33417.5,2590,1,2.667,3.333,3,3,1.667,3.667,3.667,3.333,12,18,15,15,6,22,22,18,16,110,162.2,167.6,1
30-06-2023,33418,33418.5,2590,2,2.667,1.333,1.667,1.667,3,1.667,0.333,0,12,5,6,6,15,6,2,0,6,111,158.6,163.9,1
01-07-2023,33419,33419.5,2590,3,2,2,0.667,0.667,0.667,0.667,1,1.333,7,7,3,3,3,3,4,5,4,136,165.5,171,1
02-07-2023,33420,33420.5,2590,4,0.667,1.333,0.667,1.333,1.667,1,0.333,1,3,5,3,5,6,4,2,4,4,149,170.2,175.9,1
03-07-2023,33421,33421.5,2590,5,1.333,0.667,0.667,1,1,1,0.667,1.333,5,3,3,4,4,4,3,5,4,155,173.2,179,1
04-07-2023,33422,33422.5,2590,6,0.667,1,0.667,0.667,1,1,0.667,0.667,3,4,3,3,4,4,3,3,3,141,167.2,172.8,1
05-07-2023,33423,33423.5,2590,7,1.333,0.667,0.333,0.333,1.333,2.667,1.667,2.333,5,3,2,2,5,12,6,9,6,136,154.6,159.8,1
06-07-2023,33424,33424.5,2590,8,2,2,1.667,3.333,3,2.333,1.667,2.667,7,7,6,18,15,9,6,12,10,146,157.6,162.9,1
07-07-2023,33425,33425.5,2590,9,3,2.667,3.667,4,2.667,2.667,3.667,3.333,15,12,22,27,12,12,22,18,18,156,161.4,166.8,1
08-07-2023,33426,33426.5,2590,10,3.333,1.333,1.333,1,0.333,1,1.333,0.667,18,5,5,4,2,4,5,3,6,178,160.5,165.9,1
09-07-2023,33427,33427.5,2590,11,0,0.333,0.333,1,1,1.333,0.667,1,0,2,2,4,4,5,3,4,3,178,179.2,185.2,1
10-07-2023,33428,33428.5,2590,12,1,1,0.333,1,1.333,1,1.333,0.667,4,4,2,4,5,4,5,3,4,191,190.6,196.9,1
11-07-2023,33429,33429.5,2590,13,2,0.667,2.667,1,2,2,1.667,1.667,7,3,12,4,7,7,6,6,6,210,213.5,220.6,1
12-07-2023,33430,33430.5,2590,14,2,1.333,1.333,1.333,1.333,1.667,2.333,1,7,5,5,5,5,6,9,4,6,197,193.3,199.7,1
13-07-2023,33431,33431.5,2590,15,2,0.667,1.333,0.667,1.333,3,2.333,1.667,7,3,5,3,5,15,9,6,7,151,202.9,209.7,1
14-07-2023,33432,33432.5,2590,16,3,3.333,3.333,1.667,2.667,4.333,4.667,3.667,15,18,18,6,12,32,39,22,20,152,180.6,186.6,1
15-07-2023,33433,33433.5,2590,17,2.667,1.667,1,2.667,2.333,1,0.667,0.667,12,6,4,12,9,4,3,3,7,129,178.5,184.5,1
16-07-2023,33434,33434.5,2590,18,0.667,0.667,0.333,0.333,0.667,0.667,3.333,4,3,3,2,2,3,3,18,27,8,165,184.3,190.4,1
17-07-2023,33435,33435.5,2590,19,2.667,1.667,4,4,3,2,4.667,4.333,12,6,27,27,15,7,39,32,21,159,180,185.9,1
18-07-2023,33436,33436.5,2590,20,4.333,2.667,2,1.667,3.333,1.333,3.667,1.667,32,12,7,6,18,5,22,6,14,165,218.5,225.7,1
19-07-2023,33437,33437.5,2590,21,0.667,1,1.333,1,1.333,1,0.667,0.667,3,4,5,4,5,4,3,3,4,162,188.9,195.1,1
20-07-2023,33438,33438.5,2590,22,0.667,1,0.667,0.667,1.333,4.333,3.667,2,3,4,3,3,5,32,22,7,10,173,184.3,190.3,1
21-07-2023,33439,33439.5,2590,23,2.333,3.333,1.667,1.333,1,2,2.333,4.333,9,18,6,5,4,7,9,32,11,146,172.8,178.5,1
22-07-2023,33440,33440.5,2590,24,3,2.667,2.333,2,1.667,0.333,1,1.667,15,12,9,7,6,2,4,6,8,139,174.4,180,1
23-07-2023,33441,33441.5,2590,25,0.333,0.667,1.333,1,1.667,2.333,2.333,2,2,3,5,4,6,9,9,7,6,141,172.5,178,1
24-07-2023,33442,33442.5,2590,26,2.333,1.333,0.667,1,1.667,1,1.667,2.333,9,5,3,4,6,4,6,9,6,137,165.1,170.3,1
25-07-2023,33443,33443.5,2590,27,1,0.667,1.667,0.667,2,1.667,2.333,4.333,4,3,6,3,7,6,9,32,9,136,169,174.4,1
26-07-2023,33444,33444.5,2591,1,3.333,4.667,4,3.333,3,3,2.667,2.333,18,39,27,18,15,15,12,9,19,153,167.4,172.6,1
27-07-2023,33445,33445.5,2591,2,2,1.667,1.333,2,1,2,1.667,1,7,6,5,7,4,7,6,4,6,145,165.3,170.5,1
28-07-2023,33446,33446.5,2591,3,0.333,0.333,0.333,1,2,1.333,2.333,2.333,2,2,2,4,7,5,9,9,5,164,168.2,173.4,1
29-07-2023,33447,33447.5,2591,4,2,2.333,0.333,1,3,3,2.333,1.667,7,9,2,4,15,15,9,6,8,179,178.6,184.1,1
30-07-2023,33448,33448.5,2591,5,0.667,2.667,1.333,2.333,2.667,2,2,1.667,3,12,5,9,12,7,7,6,8,180,174.4,179.7,1
31-07-2023,33449,33449.5,2591,6,1,1,1.667,1.333,2,2.333,0.667,1.333,4,4,6,5,7,9,3,5,5,183,177.1,182.4,1
01-08-2023,33450,33450.5,2591,7,2,1.667,0.667,1.333,3,2.667,2.333,2,7,6,3,5,15,12,9,7,8,180,174.7,179.9,1
02-08-2023,33451,33451.5,2591,8,1.667,1.333,1,3.333,4,3.667,2,1.667,6,5,4,18,27,22,7,6,12,163,172.9,178.1,1
03-08-2023,33452,33452.5,2591,9,1.333,1.667,1.333,2,1.667,1.333,0.333,0.333,5,6,5,7,6,5,2,2,5,147,162.9,167.7,1
04-08-2023,33453,33453.5,2591,10,0,0.667,1.333,1.333,2.667,4,4,4,0,3,5,5,12,27,27,27,13,123,170.8,175.8,1
05-08-2023,33454,33454.5,2591,11,5,6.333,5.333,4.667,3.333,1.667,0.667,0.667,48,94,56,39,18,6,3,3,33,135,175.8,180.8,1
06-08-2023,33455,33455.5,2591,12,0,0.333,0,0,0.333,0.667,1,0.333,0,2,0,0,2,3,4,2,2,125,173.5,178.5,1
07-08-2023,33456,33456.5,2591,13,3,2,0.333,1,2,1.333,2.667,4,15,7,2,4,7,5,12,27,10,124,169.7,174.5,1
08-08-2023,33457,33457.5,2591,14,4,1.333,0.667,1,1,1.667,1.333,1,27,5,3,4,4,6,5,4,7,123,158.9,163.4,1
09-08-2023,33458,33458.5,2591,15,1.667,1,1.333,1,2,1.667,1.667,2.333,6,4,5,4,7,6,6,9,6,103,153.4,157.7,1
10-08-2023,33459,33459.5,2591,16,1.667,2,1,1.333,1.333,2.667,1.333,1.667,6,7,4,5,5,12,5,6,6,108,155.7,160,1
11-08-2023,33460,33460.5,2591,17,1,0.667,0.667,0.333,1,1.333,0.667,1,4,3,3,2,4,5,3,4,4,106,152.8,157,1
12-08-2023,33461,33461.5,2591,18,1.667,2.333,2,1,1.333,1.333,2,1.667,6,9,7,4,5,5,7,6,6,80,148.3,152.2,1
13-08-2023,33462,33462.5,2591,19,2,1,0.667,0.667,1,1,0.667,1,7,4,3,3,4,4,3,4,4,101,150.4,154.4,1
14-08-2023,33463,33463.5,2591,20,1.333,0.667,0.333,0.333,1.333,1,1.333,1.333,5,3,2,2,5,4,5,5,4,117,154,158.1,1
15-08-2023,33464,33464.5,2591,21,0.333,0.333,0.333,0.667,1,0.333,1,1,2,2,2,3,4,2,4,4,3,122,158.1,162.1,1
16-08-2023,33465,33465.5,2591,22,1.667,1,0.333,1,2.667,3,1.667,1.333,6,4,2,4,12,15,6,5,7,149,160.1,164.2,1
17-08-2023,33466,33466.5,2591,23,2.333,1.667,2,0.333,1.667,2,1.333,0.667,9,6,7,2,6,7,5,3,6,146,151.9,155.7,1
18-08-2023,33467,33467.5,2591,24,2,2,3,3,1.333,2.333,2.333,3,7,7,15,15,5,9,9,15,10,124,150.6,154.4,1
19-08-2023,33468,33468.5,2591,25,2.333,1.333,1,1.333,1.333,1.333,3,2,9,5,4,5,5,5,15,7,7,131,150.6,154.3,1
20-08-2023,33469,33469.5,2591,26,3.333,2.667,1.333,2,1,1.333,2,2,18,12,5,7,4,5,7,7,8,102,146.3,149.8,1
21-08-2023,33470,33470.5,2591,27,2,1.667,2.667,2.333,2.667,1.333,2,1.333,7,6,12,9,12,5,7,5,8,110,148.7,152.2,1
22-08-2023,33471,33471.5,2592,1,2.333,3.333,2,1,1.333,0.667,0.667,1,9,18,7,4,5,3,3,4,7,115,150.9,154.4,1
23-08-2023,33472,33472.5,2592,2,1,0.667,0.333,0.333,0.333,0.333,0.667,1.667,4,3,2,2,2,2,3,6,3,105,147,150.3,1
24-08-2023,33473,33473.5,2592,3,0,0.667,0.667,0.667,1.667,3,3,2.667,0,3,3,3,6,15,15,12,7,91,144.1,147.3,1
25-08-2023,33474,33474.5,2592,4,2,0.667,0.333,0.333,1,1.333,0.667,0.667,7,3,2,2,4,5,3,3,4,89,138.9,141.9,1
26-08-2023,33475,33475.5,2592,5,1.333,2,2,1.333,1.667,1.667,1.333,1.667,5,7,7,5,6,6,5,6,6,91,139.3,142.2,1
27-08-2023,33476,33476.5,2592,6,3.333,3.333,2.333,1,1.667,2,2.333,1.333,18,18,9,4,6,7,9,5,10,84,141.5,144.5,1
28-08-2023,33477,33477.5,2592,7,1.333,2,1.667,1.667,1.333,1.667,2,0.667,5,7,6,6,5,6,7,3,6,84,141.7,144.5,1
29-08-2023,33478,33478.5,2592,8,0,0,0.333,1.333,2,1,1,2,0,0,2,5,7,4,4,7,4,88,142.2,145,1
30-08-2023,33479,33479.5,2592,9,2,0.667,1,1.333,2,1.333,1.333,0.333,7,3,4,5,7,5,5,2,5,104,138.6,141.2,1
31-08-2023,33480,33480.5,2592,10,0.667,1.333,1.667,1.667,1,1.333,2,1.667,3,5,6,6,4,5,7,6,5,90,139.9,142.5,1
01-09-2023,33481,33481.5,2592,11,2.667,2.667,2.667,3,3.333,2.667,2.667,1.333,12,12,12,15,18,12,12,5,12,86,135.8,138.3,1
02-09-2023,33482,33482.5,2592,12,3.333,4.333,4.667,4.667,5,4.333,4.333,5.333,18,32,39,39,48,32,32,56,37,83,131.2,133.6,1
03-09-2023,33483,33483.5,2592,13,5.333,3.667,4.333,3.333,3.333,3,1.333,3,56,22,32,18,18,15,5,15,23,92,130.5,132.8,1
04-09-2023,33484,33484.5,2592,14,2.667,2.333,1,1,1.333,2,2,0,12,9,4,4,5,7,7,0,6,103,136,138.4,1
05-09-2023,33485,33485.5,2592,15,0.667,0.667,0.333,1,1.667,4,3.667,1.667,3,3,2,4,6,27,22,6,9,115,142.9,145.2,1
06-09-2023,33486,33486.5,2592,16,1.667,0.667,2,0.667,3.333,2.333,0.667,0.333,6,3,7,3,18,9,3,2,6,120,147.1,149.4,1
07-09-2023,33487,33487.5,2592,17,2,0.667,0.667,1,1.667,1.667,1.333,1.667,7,3,3,4,6,6,5,6,5,131,160.8,163.3,1
08-09-2023,33488,33488.5,2592,18,2.667,1.333,0,0.667,1.333,2.333,1.333,0.333,12,5,0,3,5,9,5,2,5,117,160.9,163.4,1
09-09-2023,33489,33489.5,2592,19,2.667,1.333,1.333,2.667,2.667,2.333,0.667,0.333,12,5,5,12,12,9,3,2,8,136,161.4,163.7,1
10-09-2023,33490,33490.5,2592,20,1,0,0,0.333,0,1,0.667,1.333,4,0,0,2,0,4,3,5,2,174,163.9,166.2,1
11-09-2023,33491,33491.5,2592,21,1,1.333,0.667,1.667,1.667,1.333,1.333,2,4,5,3,6,6,5,5,7,5,189,176.4,178.8,1
12-09-2023,33492,33492.5,2592,22,0.667,0.333,0.667,3,5.333,5.333,3.667,4,3,2,3,15,56,56,22,27,23,145,153.5,155.5,1
13-09-2023,33493,33493.5,2592,23,4.667,3.667,2.333,2.333,2.667,3,1.667,3,39,22,9,9,12,15,6,15,16,129,142.6,144.4,1
14-09-2023,33494,33494.5,2592,24,4.333,2.333,3,1.333,1.667,2.333,4,4.333,32,9,15,5,6,9,27,32,17,132,145.2,146.9,1
15-09-2023,33495,33495.5,2592,25,2,2,0.667,0.333,1.667,1.667,1.333,3,7,7,3,2,6,6,5,15,6,109,139.1,140.6,1
16-09-2023,33496,33496.5,2592,26,1.333,0.333,0.667,0.333,0.333,1.667,3,2.667,5,2,3,2,2,6,15,12,6,88,140.4,141.9,1
17-09-2023,33497,33497.5,2592,27,3.333,3.333,2.333,3,2.667,2.667,3.333,2.667,18,18,9,15,12,12,18,12,14,90,144.6,146.1,1
18-09-2023,33498,33498.5,2593,1,4.333,4,3,2,4.667,5,5,4,32,27,15,7,39,48,48,27,30,126,154.5,156,1
19-09-2023,33499,33499.5,2593,2,5.333,6.333,4.667,3.333,6,5.333,3.667,2.667,56,94,39,18,80,56,22,12,47,149,166.1,167.6,1
20-09-2023,33500,33500.5,2593,3,3.667,3.333,3.333,2.667,2,2,3,3.333,22,18,18,12,7,7,15,18,15,168,155.5,156.8,1
21-09-2023,33501,33501.5,2593,4,2.333,2.333,2,1.667,2,2.667,1.667,2.667,9,9,7,6,7,12,6,12,8,189,168.1,169.4,1
22-09-2023,33502,33502.5,2593,5,1.667,1,2,2,2,3.333,1.667,2.667,6,4,7,7,7,18,6,12,8,198,175.7,177,1
23-09-2023,33503,33503.5,2593,6,2.667,2.667,1.333,2.333,2,1,2,2.667,12,12,5,9,7,4,7,12,8,195,173,174.1,1
24-09-2023,33504,33504.5,2593,7,2,1.333,2,1.667,1,1,5.667,5.667,7,5,7,6,4,4,67,67,21,175,173.7,174.8,1
25-09-2023,33505,33505.5,2593,8,5.333,4.667,4,3.333,3.333,2.667,2.333,2,56,39,27,18,18,12,9,7,23,168,170.2,171.1,1
26-09-2023,33506,33506.5,2593,9,3,4,4.667,4.667,5,3.333,3.333,3.333,15,27,39,39,48,18,18,18,28,140,164.9,165.7,1
27-09-2023,33507,33507.5,2593,10,3.667,3,3.333,3.333,2.667,3,2,0.667,22,15,18,18,12,15,7,3,14,131,156,156.7,1
28-09-2023,33508,33508.5,2593,11,1.667,3,0.333,0.667,0.667,0.333,0,2,6,15,2,3,3,2,0,7,5,113,147.8,148.4,1
29-09-2023,33509,33509.5,2593,12,2,2.667,3.667,4,2.667,1.333,0.667,0.667,7,12,22,27,12,5,3,3,11,102,155,155.5,1
30-09-2023,33510,33510.5,2593,13,1.333,2,2.333,2,2.333,2.333,2.333,2.333,5,7,9,7,9,9,9,9,8,116,159.1,159.5,1
01-10-2023,33511,33511.5,2593,14,3.667,1.667,2,1,1.667,0.667,1.667,1.667,22,6,7,4,6,3,6,6,8,153,161.1,161.5,0
02-10-2023,33512,33512.5,2593,15,3,3.333,1,1.333,1.667,1.333,1.333,2.333,15,18,4,5,6,5,5,9,8,173,157.4,157.7,0
03-10-2023,33513,33513.5,2593,16,1,2.333,1.333,1,2,2,2,2,4,9,5,4,7,7,7,7,6,148,153.7,153.8,0
04-10-2023,33514,33514.5,2593,17,3,2.333,2.333,2,1.667,1.333,2,3.667,15,9,9,7,6,5,7,22,10,159,155,155.1,0
05-10-2023,33515,33515.5,2593,18,4.333,5,2.333,3,1.667,0.667,0.667,2.333,32,48,9,15,6,3,3,9,16,169,156.1,156.1,0
06-10-2023,33516,33516.5,2593,19,2,2.333,2,1.333,1,1.333,0.667,3,7,9,7,5,4,5,3,15,7,152,155.3,155.3,0
