Timestamp,Bt-med,Bt-min,Bt-max,Bx-max,By-min,Bz-med,Bz-min,Theta-med,Theta-min,Dens-med,Dens-max,Speed-max,Kp
1680307200.0,5.49,1.95,7.08,4.79,-5.46,3.39,-4.92,40.6,-61.05,9.13,12.9,538.6,2.0
1680328800.0,5.18,3.81,6.55,5.43,-5.54,0.96,-5.1,11.31,-71.38,9.83,12.7,559.2,1.667
1680350400.0,5.51,4.41,6.71,5.48,-5.51,-0.96,-5.53,-10.74,-69.76,10.37,12.37,561.0,3.333
1680372000.0,6.07,5.22,7.14,6.14,-5.56,-1.37,-5.88,-13.57,-82.23,10.18,13.79,585.5,2.667
1680393600.0,6.09,4.96,6.77,5.12,-6.69,-2.18,-5.05,-21.07,-61.84,11.93,13.35,568.3,3.667
1680415200.0,5.69,5.18,6.45,5.55,-5.83,1.3,-5.6,13.62,-67.05,9.49,14.3,572.4,2.667
1680436800.0,5.43,5.19,5.71,5.61,-2.76,0.75,-1.81,8.03,-19.94,9.45,10.6,532.1,2.333
1680458400.0,5.47,5.17,5.98,5.74,-4.55,-1.83,-4.79,-19.22,-60.95,7.37,10.26,588.8,2.0
1680480000.0,5.55,5.22,6.27,5.61,-5.76,-1.13,-3.26,-11.45,-36.1,7.13,9.16,510.5,3.333
1680501600.0,6.06,3.94,6.72,5.08,-6.71,-1.29,-3.64,-12.37,-42.12,7.9,9.71,516.4,1.333
1680523200.0,5.6,2.86,6.23,5.62,-6.02,-2.08,-4.74,-24.17,-65.01,9.86,11.18,537.8,2.667
1680544800.0,5.58,4.93,6.6,5.58,-5.52,-2.18,-5.68,-22.61,-79.85,9.59,10.77,531.4,3.667
1680566400.0,5.71,4.0,6.68,5.57,-6.24,-0.24,-5.98,-2.74,-65.54,10.0,12.51,541.1,3.667
1680588000.0,5.07,3.78,5.97,5.31,-5.01,-0.39,-4.25,-4.8,-60.35,10.74,11.9,539.7,2.333
1680609600.0,4.76,3.42,5.65,4.77,-5.05,0.33,-3.54,4.3,-50.98,10.31,11.08,530.4,2.0
1680631200.0,5.13,3.02,5.79,4.81,-5.19,-2.29,-4.43,-26.48,-60.63,10.11,11.71,529.7,2.667
1680652800.0,4.4,3.7,6.29,4.07,-5.84,-1.2,-3.61,-15.77,-54.46,9.55,11.07,527.7,3.0
1680674400.0,4.0,2.81,5.07,4.05,-4.02,-1.45,-4.36,-24.41,-72.06,9.99,11.47,523.1,1.667
1680696000.0,3.83,2.04,4.39,2.38,-4.04,-2.08,-3.43,-33.74,-72.74,6.05,10.07,479.5,3.0
1680717600.0,3.92,2.96,4.68,4.06,-3.78,-1.38,-3.44,-21.53,-57.83,4.41,6.03,443.8,2.667
1680739200.0,4.62,4.14,5.46,4.04,-5.28,1.7,-3.42,21.77,-47.98,5.64,6.95,414.8,1.333
1680760800.0,4.86,4.36,5.66,5.16,-4.39,-2.14,-4.27,-26.41,-64.76,4.2,5.69,398.7,1.0
1680782400.0,5.43,4.4,5.84,4.97,-4.5,-2.81,-4.56,-32.21,-57.61,3.32,4.89,401.2,2.0
1680804000.0,5.92,4.99,6.38,5.27,-4.53,-0.77,-5.79,-7.46,-83.51,4.04,5.21,419.7,3.0
1680825600.0,5.52,4.86,6.33,5.46,-4.66,-3.42,-5.6,-37.92,-71.0,3.75,5.76,425.7,3.0
1680847200.0,5.07,4.7,5.38,4.95,-4.64,-0.48,-4.62,-5.44,-66.34,3.01,4.77,424.8,1.667
1680868800.0,4.83,4.42,5.08,4.91,-2.63,1.41,-3.08,17.55,-41.35,1.91,4.24,416.2,1.667
1680890400.0,4.92,4.32,5.22,4.99,-4.47,-1.43,-4.09,-17.05,-58.23,2.52,4.71,420.3,1.333
1680912000.0,5.01,4.64,5.19,4.98,-4.73,-2.37,-4.96,-28.56,-76.94,2.86,4.62,440.6,1.0
1680933600.0,5.06,4.74,5.26,4.9,-4.6,1.23,-5.01,13.96,-76.09,1.08,4.58,443.6,1.667
1680955200.0,5.05,4.12,5.6,4.24,-4.05,0.35,-4.43,4.45,-56.35,1.18,2.27,408.0,0.667
1680976800.0,4.76,3.39,5.25,4.18,-4.65,-1.96,-4.95,-24.96,-76.16,0.73,2.0,442.1,0.333
1680998400.0,4.08,3.79,4.58,3.96,-3.78,0.63,-2.62,8.52,-36.21,0.35,1.13,433.7,3.0
1681020000.0,4.08,3.78,4.32,3.85,-4.01,-1.68,-4.06,-24.67,-73.11,0.8,2.83,469.8,0.667
1681041600.0,4.28,4.03,4.46,4.35,-3.36,-0.97,-3.94,-13.23,-63.28,2.6,3.15,469.9,1.0
1681063200.0,4.48,4.17,8.24,5.82,-6.56,-2.26,-6.55,-28.2,-58.71,2.59,9.97,470.3,1.333
1681084800.0,8.87,6.81,10.99,8.34,-5.84,-5.07,-7.87,-36.5,-49.47,12.24,36.11,345.4,2.667
1681106400.0,10.43,5.71,13.44,7.15,-6.08,2.82,-7.29,17.98,-47.43,12.31,32.39,525.9,3.333
1681128000.0,5.87,2.16,10.29,6.17,-4.66,2.55,-2.52,28.92,-23.47,11.33,15.08,557.3,2.667
1681149600.0,6.97,3.55,8.84,2.61,-4.13,4.39,0.19,35.55,2.43,8.62,11.54,522.5,1.333
1681171200.0,7.15,5.73,8.97,6.43,-3.04,3.62,-4.69,27.92,-41.0,9.86,11.43,477.5,0.333
1681192800.0,6.22,5.13,7.72,3.39,-3.4,1.57,-3.26,15.5,-29.5,7.39,9.77,477.3,2.333
1681214400.0,6.11,5.31,7.51,2.23,0.62,0.73,-3.6,6.64,-34.52,6.32,7.45,443.1,1.0
1681236000.0,5.84,4.8,6.76,2.58,-2.17,2.78,-3.19,26.88,-37.28,5.72,8.49,405.9,1.667
1681257600.0,5.83,4.3,6.44,3.73,-2.8,1.8,-2.78,19.88,-27.35,3.99,6.23,401.7,0.0
1681279200.0,6.19,4.0,7.51,5.71,-0.04,0.67,-3.31,6.68,-32.16,3.32,5.99,383.0,1.0
1681300800.0,6.42,4.05,9.85,4.06,-1.76,1.88,-3.83,16.93,-33.57,2.54,4.75,404.2,1.333
1681322400.0,5.93,3.81,7.28,0.29,-1.66,2.83,-3.25,29.68,-26.83,2.51,7.1,403.2,0.333
1681344000.0,7.65,5.96,8.51,0.76,-5.32,5.06,-4.98,46.63,-46.98,4.73,7.59,426.8,2.333
1681365600.0,6.7,6.26,7.29,-2.86,-2.98,2.95,0.23,26.46,2.03,3.25,4.86,417.4,0.333
1681387200.0,5.78,4.85,6.34,2.29,-2.38,-1.12,-4.94,-11.45,-72.52,3.54,6.61,423.4,0.667
1681408800.0,5.72,4.94,6.18,2.94,-0.21,-0.92,-5.04,-9.43,-69.04,4.44,6.66,421.8,1.667
1681430400.0,6.32,4.58,6.88,3.55,-4.0,5.03,-1.89,53.97,-17.96,5.53,8.3,399.6,1.333
1681452000.0,7.01,5.92,7.8,3.98,2.33,-3.16,-5.18,-26.32,-48.45,4.56,8.25,397.8,1.333
1681473600.0,7.33,5.19,8.03,1.97,-1.45,2.07,-5.9,16.98,-60.23,4.16,7.51,391.6,2.333
1681495200.0,6.79,6.34,8.07,0.42,0.36,0.23,-4.89,1.88,-49.41,3.12,6.33,395.9,0.667
1681516800.0,6.24,5.78,7.09,0.61,0.08,-0.73,-5.39,-6.68,-66.02,2.5,5.0,394.4,2.333
1681538400.0,5.67,3.72,6.17,0.95,-1.26,-3.13,-5.22,-35.0,-70.59,4.15,9.99,360.2,2.333
1681560000.0,4.44,2.74,5.48,-0.88,-4.92,-1.76,-3.17,-24.6,-45.68,8.43,10.01,361.7,2.0
1681581600.0,4.77,3.61,5.27,0.62,-5.27,-0.97,-2.8,-12.15,-38.49,6.2,7.63,362.8,1.333
1681603200.0,5.44,4.08,5.97,0.18,-4.78,-1.22,-2.89,-13.35,-32.14,2.09,5.63,490.1,0.667
1681624800.0,5.82,5.2,6.11,-2.77,-5.37,-1.11,-3.92,-11.03,-44.34,2.55,4.77,489.0,1.667
1681646400.0,6.9,5.32,7.32,-1.66,-5.66,3.09,-1.44,27.49,-11.71,4.82,7.87,345.8,1.0
1681668000.0,7.53,6.78,7.94,-1.6,-7.5,0.88,-2.8,6.72,-21.44,5.92,7.32,335.9,1.0
1681689600.0,6.76,5.15,7.78,2.01,-6.78,3.59,-3.67,34.96,-39.04,5.68,7.77,372.5,1.333
1681711200.0,7.34,5.94,9.47,2.73,-0.91,3.0,-7.8,25.76,-56.6,3.67,6.54,398.3,1.333
1681732800.0,7.71,6.18,9.15,2.74,-2.35,2.21,-7.29,17.84,-62.44,2.33,3.58,490.8,1.0
1681754400.0,8.34,6.5,9.93,3.68,-1.97,4.41,-2.87,30.64,-19.96,2.89,6.22,481.7,0.333
1681776000.0,8.04,5.47,8.75,1.03,1.55,2.86,-1.57,20.8,-16.3,2.81,5.98,484.1,0.333
1681797600.0,6.8,6.43,7.56,1.06,1.67,2.93,0.75,26.11,6.6,4.36,6.57,483.3,0.333
1681819200.0,16.15,6.55,19.23,13.88,-1.8,9.56,-16.04,43.23,-69.0,16.31,30.32,551.1,3.667
1681840800.0,8.18,2.68,16.62,12.46,-0.5,0.52,-3.45,4.08,-43.38,12.42,23.47,614.5,3.667
1681862400.0,6.33,5.68,7.1,4.21,2.4,2.58,-0.88,23.92,-8.77,11.31,13.13,592.1,2.667
1681884000.0,7.01,4.55,8.08,4.22,-4.01,-5.54,-7.76,-57.93,-85.38,9.18,14.28,541.0,1.0
1681905600.0,7.98,6.56,8.81,6.02,3.25,-1.71,-6.79,-12.24,-62.78,7.72,10.63,492.3,3.667
1681927200.0,9.19,8.76,9.88,8.16,3.06,3.52,-0.01,22.29,-0.05,6.07,6.96,486.1,1.0
1681948800.0,10.54,9.46,10.84,6.52,0.8,9.47,5.55,63.83,35.24,6.13,7.9,433.4,0.333
1681970400.0,9.94,9.29,10.34,4.7,-2.92,8.98,7.93,64.63,56.9,6.32,9.14,420.2,0.667
1681992000.0,8.39,7.81,9.4,3.52,-5.67,6.96,5.16,54.81,40.83,5.16,7.91,442.1,1.333
1682013600.0,6.66,5.73,7.77,3.26,-6.42,3.06,-0.06,26.72,-0.61,3.9,7.06,488.6,1.0
1682035200.0,6.01,4.33,6.68,3.82,-5.67,1.63,-3.59,14.9,-46.57,4.41,6.48,465.0,2.0
1682056800.0,5.58,3.17,6.74,3.3,-5.82,0.06,-5.17,0.65,-73.06,5.05,9.03,414.0,1.0
1682078400.0,5.71,4.25,6.36,5.15,-4.77,-4.39,-6.27,-50.97,-84.27,4.72,7.12,421.5,1.667
1682100000.0,5.94,5.48,6.55,4.25,-4.6,-5.07,-6.28,-57.44,-87.2,3.83,6.46,422.0,3.333
1682121600.0,5.06,4.5,5.64,4.93,-5.12,-0.98,-4.45,-11.15,-76.91,1.86,4.72,415.3,2.333
1682143200.0,5.32,4.51,5.65,4.84,-5.32,1.07,-2.58,11.72,-32.65,2.43,4.73,451.0,1.333
1682164800.0,4.74,3.62,5.21,3.77,-4.78,-0.56,-4.68,-6.87,-74.52,1.96,4.51,448.2,0.333
1682186400.0,4.94,4.57,5.55,2.55,-5.05,-2.27,-5.21,-27.03,-83.65,1.18,3.81,420.0,1.333
1682208000.0,5.82,4.8,6.32,2.76,-5.99,-2.27,-5.77,-23.78,-81.25,0.99,2.9,415.4,2.333
1682229600.0,8.63,6.38,11.72,2.5,-6.73,-7.03,-11.52,-50.84,-85.91,6.29,9.62,372.7,1.333
1682251200.0,10.32,8.09,26.83,9.74,-21.13,-9.22,-23.75,-58.99,-85.64,3.76,25.77,517.5,4.667
1682272800.0,25.09,19.64,32.85,19.05,-26.37,-1.48,-23.49,-3.46,-83.53,0.21,32.39,607.7,8.333
1682294400.0,32.44,20.87,33.99,28.07,-28.39,-27.6,-32.6,-58.5,-79.44,10.51,24.86,622.9,6.667
1682316000.0,31.64,28.46,32.26,14.02,-31.39,-10.78,-19.14,-19.58,-37.51,9.0,11.01,566.7,7.0
1682337600.0,23.44,19.79,28.48,3.27,-27.95,19.8,4.45,70.97,9.81,8.74,20.43,599.1,3.667
1682359200.0,16.24,9.46,19.56,9.8,-10.93,12.98,4.33,60.58,22.58,3.97,10.59,556.4,2.333
1682380800.0,5.38,4.39,8.74,4.78,-1.19,4.86,-0.23,65.34,-1.96,9.57,11.42,572.0,1.333
1682402400.0,4.94,4.36,5.88,1.15,0.62,2.32,-3.89,29.55,-46.37,9.2,10.54,546.1,0.333
1682424000.0,5.29,4.65,5.69,-1.48,-1.18,-1.81,-4.13,-20.48,-51.36,7.89,9.66,533.0,2.667
1682445600.0,5.44,2.48,6.23,4.97,-5.42,-1.81,-4.34,-19.37,-79.99,9.86,13.78,547.3,3.333
1682467200.0,5.16,4.74,5.72,4.88,-4.71,-1.44,-4.79,-16.6,-77.97,9.94,11.56,549.7,2.667
1682488800.0,5.24,4.26,5.73,5.39,-3.94,-1.37,-4.84,-15.61,-74.67,9.43,11.11,542.3,2.0
1682510400.0,6.1,4.61,10.13,9.07,-5.89,-0.8,-5.91,-7.82,-59.5,10.23,12.76,548.3,3.333
1682532000.0,8.21,7.43,10.06,8.67,-7.19,1.52,-7.16,10.6,-49.22,1.79,13.6,610.5,3.333
1682553600.0,7.4,7.05,7.78,7.25,-7.19,-3.18,-6.88,-26.64,-75.45,2.2,12.05,610.5,4.333
1682575200.0,7.43,6.7,7.89,7.18,-7.41,-0.99,-6.45,-7.99,-76.46,0.25,12.42,603.8,3.333
1682596800.0,6.22,5.22,7.18,5.72,-6.89,-1.47,-5.45,-14.31,-62.18,0.44,12.33,602.3,3.333
1682618400.0,5.46,5.12,5.8,5.58,-5.54,-0.96,-5.49,-10.39,-82.68,0.65,11.56,600.6,2.667
1682640000.0,5.08,3.71,5.45,4.89,-4.09,-2.57,-4.89,-31.2,-80.12,0.63,12.45,608.2,3.333
1682661600.0,4.87,3.1,5.79,5.05,-4.67,0.56,-3.46,6.46,-52.02,3.34,11.47,610.5,2.667
1682683200.0,4.78,3.69,5.73,4.69,-5.56,-1.03,-3.95,-14.02,-57.61,3.96,4.95,607.5,3.333
1682704800.0,4.61,3.94,5.69,4.56,-5.52,-0.91,-5.39,-12.27,-78.24,3.35,5.19,610.5,3.0
1682726400.0,4.04,3.13,4.64,4.43,-3.99,0.29,-3.95,4.33,-72.66,1.86,4.79,610.5,3.333
1682748000.0,5.09,3.27,6.13,5.05,-4.71,-2.65,-5.96,-40.58,-84.81,0.57,5.74,623.4,3.333
1682769600.0,4.95,3.93,5.53,4.25,-4.92,-1.8,-4.74,-22.63,-73.04,4.38,5.76,610.5,4.0
1682791200.0,4.29,3.71,4.55,4.39,-3.98,-1.51,-3.89,-20.61,-69.11,0.62,5.2,610.5,3.333
1682812800.0,4.36,3.9,4.75,4.35,-4.42,-1.93,-4.0,-26.44,-77.07,10.25,11.29,610.5,3.0
1682834400.0,4.65,4.12,5.12,4.78,-3.89,2.41,-1.95,31.33,-25.16,10.29,10.85,551.0,3.0
1682856000.0,5.29,4.12,5.64,5.35,-4.62,1.15,-3.75,12.85,-60.04,6.64,10.45,539.6,1.667
1682877600.0,5.2,4.12,5.67,5.33,-3.65,1.24,-3.53,14.11,-51.05,6.73,10.05,526.1,0.667
1682899200.0,4.59,3.95,5.15,4.18,-4.56,0.82,-4.3,10.3,-64.88,6.55,10.71,541.9,2.667
1682920800.0,4.79,1.93,5.33,4.16,-4.61,-1.1,-2.79,-14.03,-42.44,9.65,10.45,540.4,2.0
1682942400.0,4.75,2.82,5.17,2.06,0.24,-2.11,-4.48,-27.12,-78.69,9.78,10.56,535.1,1.333
1682964000.0,4.73,3.9,5.65,4.07,-4.36,-3.81,-5.05,-58.25,-86.43,6.85,10.77,546.0,2.667
1682985600.0,4.93,4.26,5.41,4.88,-4.42,-1.05,-4.72,-12.53,-80.71,2.89,4.83,513.6,3.333
1683007200.0,4.83,4.46,5.16,4.91,-4.35,-0.07,-3.35,-0.84,-45.35,2.83,3.21,513.4,1.667
1683028800.0,4.77,4.5,5.24,4.69,-3.11,0.87,-2.78,10.57,-36.2,2.96,9.46,518.1,1.0
1683050400.0,5.23,4.86,5.87,5.07,1.09,0.73,-1.45,7.63,-16.4,6.34,7.34,499.6,1.667
1683072000.0,5.33,4.78,5.99,4.34,2.43,1.64,0.48,17.49,4.72,6.53,7.47,493.6,0.0
1683093600.0,5.31,4.41,5.96,5.21,-1.95,1.42,0.12,15.64,1.29,4.75,8.57,489.6,0.333
1683115200.0,5.36,4.71,5.6,4.88,-4.37,0.34,-1.46,3.62,-16.16,5.88,8.24,508.9,1.0
1683136800.0,4.61,3.95,5.61,4.6,-4.14,-1.09,-2.53,-13.11,-35.99,7.51,9.48,480.7,0.667
1683158400.0,4.3,3.87,4.66,3.62,-3.09,-1.73,-2.13,-23.82,-30.35,5.12,7.32,450.3,1.333
1683180000.0,3.92,3.66,4.44,3.98,-3.17,-0.61,-1.18,-8.94,-16.25,5.75,6.19,427.4,1.667
1683201600.0,3.95,2.9,4.96,4.79,-1.29,-0.61,-1.58,-8.19,-24.93,5.13,6.33,445.0,0.667
1683223200.0,3.54,2.58,4.52,3.95,-4.09,-1.34,-3.11,-22.63,-50.7,6.09,7.5,415.4,1.0
1683244800.0,4.43,2.68,5.1,4.89,-2.21,-1.29,-3.07,-16.73,-46.43,4.01,7.76,466.2,1.667
1683266400.0,4.04,3.81,4.65,3.83,-4.3,-0.32,-1.72,-4.53,-22.31,0.88,3.88,448.6,0.667
1683288000.0,4.68,2.74,4.87,2.99,-4.68,-0.7,-2.01,-8.73,-29.51,0.81,4.11,498.9,0.333
1683309600.0,3.42,2.88,4.39,1.51,-2.99,-2.69,-3.29,-51.59,-71.7,4.13,5.94,344.4,0.667
1683331200.0,14.15,3.42,18.62,5.7,-9.24,-10.69,-15.46,-60.93,-87.01,18.11,35.95,432.8,4.333
1683352800.0,11.79,6.7,16.96,8.52,-5.49,-1.0,-11.47,-5.53,-58.28,9.54,14.24,550.0,3.333
1683374400.0,8.83,6.79,10.57,-0.34,-2.26,1.16,-3.92,7.97,-26.39,12.85,14.54,536.1,4.333
1683396000.0,9.08,5.96,10.13,0.72,-2.79,4.32,-2.6,34.16,-16.36,11.23,14.42,549.9,3.0
1683417600.0,5.18,2.19,6.41,0.34,-2.35,0.09,-3.64,1.05,-56.84,6.45,9.61,506.6,1.0
1683439200.0,5.3,3.49,8.04,6.86,-5.55,2.4,-2.07,28.42,-24.58,13.86,17.23,482.6,2.0
1683460800.0,12.27,4.8,18.7,3.74,-2.03,5.67,-9.11,42.24,-36.13,14.75,39.42,458.3,2.333
1683482400.0,10.71,7.78,15.3,10.15,-9.39,4.16,-13.13,26.31,-75.37,15.93,23.57,503.3,2.0
1683504000.0,7.68,3.23,12.32,2.66,-9.39,1.01,-11.32,8.08,-73.11,11.74,15.94,512.5,4.333
1683525600.0,5.96,4.83,6.93,2.57,-2.13,1.2,-3.16,11.86,-35.15,8.88,10.27,519.1,1.333
1683547200.0,5.31,3.0,8.0,4.61,-4.95,-0.23,-7.46,-2.49,-70.15,9.24,18.19,550.1,3.667
1683568800.0,5.09,4.54,6.09,1.45,-4.74,-3.01,-5.07,-37.16,-75.66,7.61,8.55,501.6,2.333
1683590400.0,4.43,2.9,5.0,0.32,-4.45,-1.44,-3.56,-20.18,-57.31,7.42,10.0,475.8,3.667
1683612000.0,5.45,4.25,6.01,-1.38,-2.2,0.31,-4.43,3.28,-62.16,7.12,8.48,438.0,1.0
1683633600.0,5.59,5.0,6.65,-2.99,-4.33,1.47,-2.67,15.51,-25.77,5.28,7.22,416.9,2.333
1683655200.0,5.72,4.43,15.97,11.6,-7.12,-0.51,-13.28,-4.83,-68.85,4.34,21.18,675.3,1.667
1683676800.0,14.48,6.99,19.81,6.91,-9.6,8.57,-5.75,40.72,-22.67,12.85,64.15,667.7,3.667
1683698400.0,8.94,4.99,12.77,8.27,-12.13,2.15,-7.84,12.86,-67.56,12.28,19.18,677.5,2.667
1683720000.0,8.31,7.07,11.11,-3.92,-8.08,1.97,-1.73,13.29,-11.87,8.49,10.7,670.8,4.667
1683741600.0,6.08,5.03,7.22,-3.06,-4.6,0.79,-2.59,7.88,-24.32,8.73,10.71,620.4,2.0
1683763200.0,6.02,5.54,6.56,-0.53,-5.73,-0.23,-3.02,-2.17,-30.37,8.48,10.47,594.3,2.667
1683784800.0,5.96,5.58,6.47,-4.36,-4.42,0.48,-2.29,4.58,-23.46,9.39,13.69,549.7,2.0
1683806400.0,5.71,5.15,6.24,-3.94,-3.95,0.13,-2.07,1.32,-21.26,8.18,13.24,530.4,1.333
1683828000.0,4.99,4.58,6.69,-1.4,-3.63,1.05,-1.95,11.43,-22.39,8.38,11.82,549.1,2.0
1683849600.0,6.09,5.25,11.05,0.43,0.14,-0.99,-3.92,-9.84,-40.19,8.73,13.2,572.2,2.333
1683871200.0,9.43,4.55,12.93,5.95,-8.71,4.64,-4.96,31.43,-31.97,14.55,17.15,584.3,3.0
1683892800.0,11.68,4.99,13.62,11.07,-12.66,2.48,-5.85,12.78,-43.36,11.49,25.22,577.3,5.333
1683914400.0,4.91,1.43,10.53,8.48,-7.8,1.77,-3.26,18.14,-80.57,8.76,11.5,561.5,2.667
1683936000.0,5.36,1.67,6.5,2.8,-1.81,4.17,-4.64,51.77,-66.34,6.81,9.49,498.2,2.333
1683957600.0,4.9,4.44,5.66,-1.8,-0.36,3.8,1.7,51.75,18.31,4.99,5.58,472.6,2.0
1683979200.0,4.83,2.93,8.66,5.76,-4.34,4.16,-4.91,64.51,-66.49,5.43,11.71,456.5,1.333
1684000800.0,7.5,1.52,14.44,9.17,-9.31,-1.35,-13.79,-13.61,-79.73,4.68,8.18,480.5,3.667
1684022400.0,6.65,5.41,7.18,2.37,0.76,3.19,-1.46,29.77,-12.96,5.03,6.51,484.8,0.667
1684044000.0,6.13,4.67,7.08,1.89,0.04,3.02,-2.93,28.97,-34.56,6.21,7.55,487.6,0.667
1684065600.0,5.47,3.56,8.24,3.77,-5.18,-2.27,-6.89,-27.95,-76.81,7.29,8.6,503.0,2.0
1684087200.0,4.75,1.97,5.68,3.41,-3.13,0.97,-4.04,12.04,-65.61,6.78,9.98,530.6,3.0
1684108800.0,6.0,4.98,6.57,2.36,0.84,2.99,-1.36,30.53,-14.35,7.16,10.04,518.2,1.0
1684130400.0,6.08,4.31,6.34,-0.82,-1.38,2.62,-0.62,25.93,-6.1,7.41,9.16,499.1,0.333
1684152000.0,5.49,4.23,5.96,-0.77,-2.83,0.38,-3.08,4.24,-48.05,6.73,8.27,489.1,1.0
1684173600.0,5.25,2.2,5.91,4.1,-4.75,1.48,-4.92,17.75,-84.04,7.94,9.91,510.4,2.667
1684195200.0,5.71,2.58,6.89,1.88,-6.0,-1.37,-4.56,-14.7,-77.34,7.99,8.87,499.8,2.333
1684216800.0,5.88,2.73,6.94,0.37,-4.67,3.01,-4.5,33.57,-47.87,7.1,8.69,498.1,2.667
1684238400.0,4.92,4.29,5.38,0.43,-4.64,0.4,-2.79,4.58,-37.39,7.14,7.5,498.6,1.333
1684260000.0,5.92,4.68,6.45,-0.7,-5.98,1.48,-2.48,14.64,-27.57,6.13,7.46,486.1,1.667
1684281600.0,5.25,4.13,5.94,-0.18,-5.13,2.5,-2.84,28.36,-29.59,6.15,7.82,462.8,1.0
1684303200.0,4.67,4.19,5.26,0.0,-3.58,2.03,-1.34,27.37,-17.64,4.05,5.86,445.3,0.333
1684324800.0,4.44,4.11,4.67,-2.69,-2.53,0.61,-2.06,7.99,-27.99,3.12,4.34,431.4,0.667
1684346400.0,4.27,4.0,4.61,1.66,-0.45,1.08,-1.42,14.55,-20.9,3.76,5.66,442.6,0.667
1684368000.0,4.05,3.69,4.38,-0.43,0.41,0.41,-1.77,5.66,-26.28,3.08,5.6,463.8,0.667
1684389600.0,4.01,3.85,4.13,-1.05,-0.11,-0.19,-1.45,-2.74,-21.09,0.81,5.71,500.4,0.333
1684411200.0,3.92,3.75,4.11,0.05,0.47,0.35,-0.85,5.19,-12.3,3.54,5.33,472.7,0.333
1684432800.0,3.86,3.71,4.0,0.69,-0.15,1.62,0.18,24.98,2.72,3.98,5.38,470.7,0.333
1684454400.0,4.1,3.83,4.37,-1.82,-0.39,1.05,-2.74,15.04,-44.68,2.86,5.37,469.4,0.333
1684476000.0,5.47,3.95,6.5,3.05,-2.21,0.88,-1.83,8.8,-19.17,3.3,8.26,451.4,0.333
1684497600.0,6.34,4.88,7.27,-1.05,-2.33,-1.91,-5.09,-19.73,-53.87,7.92,13.05,340.6,1.0
1684519200.0,12.81,2.2,16.49,7.03,-8.14,-7.39,-14.45,-42.68,-73.22,19.91,31.54,381.6,3.0
1684540800.0,16.01,11.18,20.6,13.18,-14.75,-9.7,-17.0,-40.48,-75.13,11.62,27.34,507.9,5.667
1684562400.0,14.28,11.75,18.67,12.97,-16.6,-2.02,-16.61,-7.98,-83.61,7.98,15.53,533.4,4.667
1684584000.0,8.9,7.9,12.57,9.05,-9.19,1.53,-6.0,9.85,-44.51,1.33,4.2,599.5,2.667
1684605600.0,5.9,5.22,8.37,7.02,-7.58,-1.25,-4.24,-11.99,-48.98,0.79,3.17,602.9,3.0
1684627200.0,5.23,4.19,6.09,5.68,-3.64,-1.09,-4.51,-11.57,-71.74,6.17,7.47,514.4,2.667
1684648800.0,4.93,4.31,6.06,5.38,-4.81,-1.27,-5.45,-15.57,-71.78,6.47,7.57,500.1,1.333
1684670400.0,7.15,4.34,12.88,6.9,-11.16,-3.53,-8.18,-29.4,-78.98,10.84,13.79,556.2,3.0
1684692000.0,7.95,3.11,11.38,6.39,-7.98,-5.28,-10.64,-45.11,-84.94,11.68,15.67,571.8,5.667
1684713600.0,7.06,1.57,9.85,9.31,-6.51,-1.94,-7.69,-20.27,-73.24,11.01,12.6,591.0,4.667
1684735200.0,4.98,2.49,9.37,6.62,-3.52,-0.93,-4.64,-10.39,-74.73,8.25,13.94,565.5,2.667
1684756800.0,6.38,4.41,8.83,6.46,-7.67,0.69,-6.06,5.64,-60.13,9.7,12.18,625.6,2.333
1684778400.0,8.52,6.42,10.29,9.26,-8.15,-1.77,-9.0,-11.98,-65.25,10.47,11.62,619.4,4.0
1684800000.0,8.37,5.97,9.44,9.01,-7.63,-0.7,-5.53,-5.52,-49.2,11.0,13.78,621.6,2.667
1684821600.0,5.94,3.87,8.63,5.11,-7.6,2.72,-6.28,30.96,-76.37,6.69,12.23,588.7,2.667
1684843200.0,4.7,4.23,5.46,3.08,-5.07,2.36,-4.18,31.01,-49.41,0.42,7.24,591.5,0.667
1684864800.0,5.03,4.06,5.54,4.36,-4.54,-2.39,-5.11,-28.83,-82.65,1.23,10.55,594.5,3.333
1684886400.0,4.5,2.98,5.26,4.04,-4.45,1.08,-4.32,15.19,-81.36,0.84,10.9,590.2,2.0
1684908000.0,4.42,3.55,5.14,4.01,-4.6,1.46,-4.69,21.08,-85.89,3.38,10.9,587.7,1.333
1684929600.0,5.07,4.62,5.66,4.79,-5.45,-0.1,-4.8,-1.09,-78.35,3.46,13.88,564.2,2.667
1684951200.0,5.2,4.63,5.48,4.37,-5.16,-2.66,-5.27,-31.52,-78.34,2.51,9.64,590.2,3.0
1684972800.0,5.18,4.25,5.76,5.0,-5.15,-0.44,-5.11,-5.19,-83.13,1.71,6.1,595.4,3.0
1684994400.0,4.78,3.06,5.9,4.42,-5.17,-2.71,-4.76,-38.62,-80.68,0.74,5.48,605.0,3.0
1685016000.0,4.49,4.06,5.07,4.53,-4.64,0.17,-2.74,1.93,-43.68,0.75,1.73,570.7,2.0
1685037600.0,4.3,3.83,4.79,4.37,-4.39,-0.83,-2.46,-11.28,-36.03,2.28,5.26,596.2,3.0
1685059200.0,4.36,3.55,5.11,4.59,-4.31,-1.94,-4.33,-26.19,-86.35,3.81,6.8,525.2,1.667
1685080800.0,4.17,3.34,4.52,4.26,-3.9,0.99,-3.18,14.5,-49.6,4.51,6.74,499.7,1.333
1685102400.0,4.52,3.77,4.75,4.43,-3.85,1.01,-3.15,13.2,-49.74,3.65,7.73,515.3,1.0
1685124000.0,4.75,4.4,5.06,4.7,-3.71,-1.05,-3.97,-13.03,-56.69,2.74,5.75,533.3,1.333
1685145600.0,5.08,4.78,5.34,5.01,-5.02,0.64,-3.76,7.21,-46.58,2.8,13.62,582.7,0.667
1685167200.0,5.07,4.69,5.39,4.98,-3.9,2.34,-4.33,27.58,-60.93,12.13,13.46,570.7,0.667
1685188800.0,5.07,4.8,5.38,4.98,-3.21,-0.21,-3.19,-2.44,-38.81,12.27,13.37,568.2,0.333
1685210400.0,4.98,4.54,5.13,4.74,-3.1,-2.69,-3.97,-32.87,-58.44,3.82,6.61,510.4,1.0
1685232000.0,5.1,4.23,5.71,4.36,-1.81,-4.68,-5.13,-65.2,-79.55,5.86,10.31,503.5,2.667
1685253600.0,5.43,4.83,5.89,4.07,-4.4,-4.85,-5.44,-63.6,-88.1,4.17,6.42,475.2,2.0
1685275200.0,4.79,3.76,5.94,5.07,-4.45,2.14,-5.01,26.62,-71.38,6.2,8.18,482.4,3.0
1685296800.0,4.97,3.74,5.84,5.36,-4.86,-1.22,-4.02,-13.88,-68.51,6.44,8.13,483.1,1.667
1685318400.0,4.99,4.8,5.21,4.75,-4.62,-0.32,-2.33,-3.74,-28.35,6.51,7.85,484.0,0.667
1685340000.0,5.17,4.88,5.41,4.97,-5.21,0.88,-2.56,9.85,-29.49,4.52,6.95,485.4,0.333
1685361600.0,5.47,4.76,6.67,5.65,-5.13,1.16,-3.15,12.84,-35.06,2.8,5.97,504.5,0.667
1685383200.0,5.91,5.27,6.4,5.59,-6.25,0.61,-4.25,5.77,-50.22,3.02,4.75,429.5,1.0
1685404800.0,6.59,6.33,6.91,4.08,-6.82,1.9,-2.86,16.7,-25.12,2.62,4.49,500.6,0.667
1685426400.0,7.21,6.82,7.65,1.46,-7.35,1.99,-2.53,16.05,-21.65,3.1,5.15,395.3,0.667
1685448000.0,6.59,5.61,7.78,3.7,-6.42,3.56,-4.54,32.75,-50.72,2.25,4.5,412.3,0.667
1685469600.0,5.14,3.44,6.27,4.6,-5.51,-2.73,-5.45,-30.62,-82.44,3.52,5.94,428.3,1.333
1685491200.0,7.42,4.99,8.27,7.17,-7.22,-0.22,-6.79,-1.98,-72.58,4.29,6.29,394.4,2.333
1685512800.0,6.98,5.17,7.61,5.53,-7.31,0.42,-5.75,3.58,-70.28,4.21,6.35,390.8,2.333
1685534400.0,6.9,5.46,7.54,6.45,-7.26,-1.75,-6.91,-14.61,-74.71,5.28,6.81,403.1,2.333
1685556000.0,7.52,5.9,8.59,5.74,-7.85,-4.88,-7.89,-43.09,-86.8,6.14,7.29,412.3,2.333
1685577600.0,7.46,6.25,9.33,7.61,-7.32,-3.42,-9.22,-27.21,-82.93,6.77,8.12,437.7,3.667
1685599200.0,7.36,2.48,8.99,5.44,-7.1,0.73,-7.61,6.49,-61.15,6.22,9.52,474.4,3.667
1685620800.0,4.72,3.91,6.79,4.54,-4.19,-2.47,-6.2,-32.3,-76.27,6.39,7.59,493.7,3.0
1685642400.0,4.64,4.15,5.19,4.49,-3.96,-1.84,-3.16,-23.57,-40.15,3.76,6.65,477.7,2.333
1685664000.0,3.96,3.01,5.0,3.85,-4.84,-1.98,-3.62,-28.72,-66.87,4.24,4.97,444.9,2.0
1685685600.0,3.78,2.81,4.08,3.55,-3.5,-0.53,-2.98,-8.51,-60.5,3.18,4.68,399.1,1.333
1685707200.0,3.61,3.11,3.87,3.61,-2.89,0.15,-2.13,2.33,-40.03,2.06,2.74,389.1,0.667
1685728800.0,3.47,3.03,3.7,2.36,-3.4,-1.55,-3.23,-26.01,-67.71,1.48,2.76,406.4,1.0
1685750400.0,4.64,2.35,5.96,2.65,-2.63,2.38,-2.28,31.83,-40.72,1.34,4.69,423.9,1.0
1685772000.0,4.62,1.9,5.85,1.64,-1.45,2.1,-2.76,31.44,-30.46,2.04,4.62,464.2,0.667
1685793600.0,2.15,1.2,2.69,1.61,-2.26,1.49,-2.22,57.81,-78.9,5.53,18.59,379.0,0.333
1685815200.0,3.96,2.28,8.25,3.59,-6.22,1.32,-2.86,19.25,-37.49,7.36,9.86,343.6,0.667
1685836800.0,7.76,6.32,8.73,2.31,-2.07,0.25,-6.9,1.77,-69.68,10.11,21.49,352.1,2.0
1685858400.0,8.26,5.82,9.85,1.93,-8.66,0.49,-6.6,3.65,-56.82,15.78,24.65,357.3,2.0
1685880000.0,10.1,8.13,11.84,1.28,-11.55,7.44,-11.46,47.77,-76.24,8.21,13.76,348.9,1.333
1685901600.0,8.23,2.01,10.5,2.42,-9.1,0.9,-8.84,6.9,-77.16,5.19,10.82,377.8,4.0
1685923200.0,7.94,7.21,8.67,-4.03,-1.4,-0.97,-3.42,-7.0,-27.96,2.36,3.69,450.2,0.333
1685944800.0,8.03,6.51,8.82,1.02,3.6,2.15,-4.61,15.53,-43.02,6.36,8.61,451.5,1.0
1685966400.0,8.97,7.61,9.61,-1.94,4.56,2.92,-3.32,18.86,-26.47,5.17,8.12,412.6,0.333
1685988000.0,9.24,7.23,10.71,1.74,1.96,3.3,-5.91,19.69,-45.42,5.74,10.24,393.3,1.667
1686009600.0,7.87,5.1,9.02,2.92,-4.43,4.74,-7.55,36.54,-78.98,7.0,11.09,388.1,2.667
1686031200.0,6.34,3.46,8.97,4.25,-1.68,-1.38,-4.48,-12.02,-60.21,4.86,6.67,423.1,1.0
1686052800.0,4.68,1.82,5.95,2.59,-1.87,2.22,-1.68,29.11,-23.46,2.49,5.34,418.1,2.0
1686074400.0,5.46,3.34,6.1,3.13,-2.36,3.23,-0.75,37.82,-7.58,1.88,4.4,416.4,0.667
1686096000.0,5.27,4.66,5.78,1.8,1.81,0.92,-1.27,9.87,-14.18,1.77,6.36,473.4,0.333
1686117600.0,4.59,4.33,5.62,-0.37,-1.85,-0.56,-3.8,-6.97,-50.67,5.79,6.4,480.3,0.333
1686139200.0,4.48,3.88,4.99,0.33,0.76,-0.26,-2.89,-3.5,-40.0,5.09,6.47,476.3,0.667
1686160800.0,5.04,4.54,9.87,2.35,1.06,0.15,-3.27,1.79,-38.02,5.85,7.97,474.3,0.667
1686182400.0,8.01,6.96,9.11,6.24,0.81,0.5,-4.94,3.78,-44.91,5.21,8.06,419.5,1.667
1686204000.0,6.08,5.03,7.01,-1.8,-3.11,-3.3,-5.47,-33.25,-59.52,2.67,5.4,462.9,1.0
1686225600.0,5.01,3.54,5.83,-1.24,-0.12,-0.61,-2.66,-7.05,-27.85,4.27,7.43,381.6,1.667
1686247200.0,4.98,3.12,5.49,2.21,0.96,1.53,-3.41,19.39,-39.33,4.54,8.14,360.7,1.0
1686268800.0,4.87,4.3,5.32,1.36,1.79,0.23,-4.79,2.68,-66.01,2.63,5.28,464.5,1.0
1686290400.0,3.75,3.32,4.31,0.92,2.62,0.54,-0.54,8.53,-7.55,4.29,22.45,464.5,0.0
1686312000.0,4.78,3.46,6.2,-0.71,1.83,-0.78,-4.59,-9.27,-55.09,11.43,22.64,364.1,0.0
1686333600.0,3.64,1.57,5.9,2.88,-3.72,0.06,-5.18,0.92,-84.9,11.31,19.34,309.5,1.667
1686355200.0,3.82,2.03,4.73,2.69,-3.99,2.8,-2.53,46.29,-64.14,9.24,13.0,311.2,0.667
1686376800.0,4.37,1.45,5.83,2.89,-5.37,-0.87,-3.75,-16.83,-55.38,8.45,13.37,313.8,0.333
1686398400.0,4.05,1.39,5.42,3.03,-4.58,0.07,-2.95,1.25,-48.95,11.76,15.87,317.3,1.333
1686420000.0,3.11,2.21,11.46,3.83,-4.48,-0.03,-2.47,-0.51,-51.87,19.44,29.52,326.9,1.333
1686441600.0,12.62,5.42,15.19,4.16,-5.45,6.23,-8.41,39.77,-48.25,10.88,33.48,389.2,2.333
1686463200.0,9.15,4.76,12.61,0.56,-7.38,-0.32,-6.5,-1.83,-59.61,12.37,15.86,421.6,2.333
1686484800.0,9.67,8.27,11.42,0.44,1.42,-0.56,-8.38,-3.26,-76.33,8.82,10.18,434.6,2.0
1686506400.0,7.52,5.01,9.56,-0.09,-1.04,0.99,-3.17,7.11,-23.03,8.86,10.46,456.8,1.667
1686528000.0,6.1,3.42,7.43,-0.73,-2.65,2.51,-0.76,24.85,-8.42,7.73,9.6,467.8,1.333
1686549600.0,6.78,5.46,7.17,2.98,-5.82,2.03,-2.69,17.54,-25.15,6.03,7.26,465.3,1.333
1686571200.0,7.21,5.81,8.15,2.78,-5.69,0.21,-4.43,1.65,-37.51,6.13,8.04,484.8,2.333
1686592800.0,7.01,6.18,7.69,1.33,3.12,0.11,-4.19,0.86,-37.27,6.14,8.08,483.7,1.333
1686614400.0,6.84,6.19,7.89,3.5,3.14,1.75,-2.54,14.03,-19.56,6.19,8.23,483.2,1.0
1686636000.0,7.53,6.73,7.96,-0.29,5.04,-1.13,-3.23,-8.55,-25.67,5.47,5.99,464.6,1.333
1686657600.0,6.44,5.32,6.92,1.47,-0.4,0.76,-6.01,6.57,-77.95,4.26,6.23,439.0,1.333
1686679200.0,6.48,5.21,6.98,-0.72,0.91,-0.37,-4.32,-3.14,-55.24,1.13,5.25,420.7,0.667
1686700800.0,5.8,4.1,6.45,0.66,-4.04,1.73,-4.47,16.99,-65.29,1.72,5.36,463.8,2.667
1686722400.0,5.32,4.93,5.9,-2.18,-3.7,0.79,-2.9,8.76,-34.8,3.02,6.59,471.3,0.333
1686744000.0,5.23,4.9,5.68,-3.02,-0.58,1.04,-1.57,11.8,-16.88,5.69,6.87,476.7,0.333
1686765600.0,5.55,5.18,5.91,-0.84,0.35,0.72,-3.45,7.33,-37.89,3.13,6.81,492.1,0.333
1686787200.0,5.86,5.4,6.19,-2.35,-3.34,-0.51,-4.85,-5.07,-55.62,3.0,5.36,467.6,1.333
1686808800.0,8.17,5.76,11.39,-2.49,-1.46,-3.48,-7.79,-23.26,-46.67,2.96,20.91,464.4,1.333
1686830400.0,14.49,1.86,17.94,14.39,-14.89,-4.75,-10.71,-18.67,-57.98,20.95,49.35,479.0,4.333
1686852000.0,15.87,10.98,19.88,14.87,-13.65,-4.06,-10.86,-15.07,-50.12,11.59,16.78,673.6,5.0
1686873600.0,10.19,6.63,13.85,10.03,-11.2,-5.25,-12.67,-39.11,-76.16,14.75,17.87,640.0,4.667
1686895200.0,7.45,5.87,8.02,6.65,-7.42,-3.02,-7.13,-25.56,-69.93,0.14,4.89,610.5,4.0
1686916800.0,6.3,5.22,8.3,7.04,-7.97,0.12,-5.66,0.95,-49.08,0.18,6.89,610.5,4.0
1686938400.0,6.51,5.42,7.0,6.83,-5.25,-0.63,-3.33,-5.35,-31.78,0.17,3.42,610.5,2.667
1686960000.0,5.23,3.79,6.74,5.4,-6.7,-0.12,-2.7,-1.45,-32.19,0.21,4.27,610.5,2.333
1686981600.0,3.43,1.68,4.19,4.02,-3.38,-0.08,-2.62,-1.28,-41.29,1.65,2.77,538.2,2.0
1687003200.0,3.32,1.75,3.73,3.34,-3.37,-1.29,-3.15,-24.68,-65.07,3.41,4.16,511.7,1.667
1687024800.0,2.91,1.49,3.49,2.96,-2.33,-2.23,-3.23,-49.92,-87.11,4.39,7.11,493.3,2.0
1687046400.0,3.16,1.12,4.45,2.33,-4.04,-2.37,-3.89,-53.38,-84.49,6.84,9.43,501.8,2.667
1687068000.0,3.82,1.04,5.07,2.86,-4.42,-2.56,-4.08,-41.11,-80.34,2.49,6.45,464.6,1.333
1687089600.0,5.38,4.63,5.91,2.43,-4.79,-4.22,-5.55,-51.42,-85.3,3.54,5.98,405.3,1.667
1687111200.0,5.68,3.78,6.17,3.86,-5.45,-3.69,-5.63,-41.7,-77.71,4.57,6.23,409.3,3.0
1687132800.0,5.74,4.65,6.58,6.07,-6.3,-1.38,-5.52,-13.51,-72.05,5.37,6.75,424.1,2.333
1687154400.0,7.12,6.39,8.25,6.81,-7.06,-1.1,-5.39,-8.71,-55.85,3.74,5.55,416.8,1.667
1687176000.0,6.94,5.05,8.11,7.0,-7.53,-1.81,-5.89,-13.98,-80.07,5.04,10.76,466.3,2.333
1687197600.0,5.03,4.14,5.76,2.81,-5.32,-2.87,-4.39,-35.9,-57.94,7.17,10.65,501.7,3.333
1687219200.0,7.09,4.94,7.64,5.57,-7.32,-0.08,-4.52,-0.59,-64.13,6.54,8.69,475.1,2.667
1687240800.0,7.44,7.05,7.86,6.57,-7.6,-0.07,-6.35,-0.52,-63.03,6.45,9.7,474.3,1.0
1687262400.0,6.94,5.88,7.6,6.5,-6.66,0.51,-5.28,4.24,-52.74,3.25,5.92,444.8,2.0
1687284000.0,5.99,4.43,7.08,5.01,-6.54,-2.76,-6.2,-29.54,-79.81,3.82,9.42,458.9,1.667
1687305600.0,5.77,4.64,6.95,5.88,-5.04,-0.25,-5.49,-2.51,-71.72,4.25,11.15,457.9,2.0
1687327200.0,5.8,4.59,7.35,5.44,-3.41,4.47,0.0,46.65,0.02,8.65,10.33,462.8,1.0
1687348800.0,6.18,5.27,7.57,5.03,-3.45,4.64,1.72,51.4,17.89,6.11,9.41,478.7,1.0
1687370400.0,6.4,5.65,7.25,5.73,-6.95,-1.73,-6.71,-16.2,-79.27,5.88,8.91,484.5,1.333
1687392000.0,6.8,6.43,7.44,4.44,-6.88,-0.66,-4.19,-5.58,-37.51,6.16,9.06,479.0,0.667
1687413600.0,6.71,5.28,7.78,5.64,-6.77,-0.68,-6.58,-5.75,-85.62,6.67,9.65,469.4,2.667
1687435200.0,5.99,5.36,6.29,1.56,-4.3,-4.85,-5.63,-54.24,-81.04,4.59,10.85,455.1,2.667
1687456800.0,5.53,4.14,6.15,1.76,-5.65,-3.5,-5.97,-40.53,-84.17,4.55,5.42,427.0,2.333
1687478400.0,5.53,4.69,6.18,4.66,-5.91,0.7,-4.41,7.58,-54.3,4.3,5.74,431.4,2.333
1687500000.0,5.79,4.51,6.48,5.88,-5.44,-3.32,-6.01,-35.76,-81.08,4.08,6.12,424.6,1.333
1687521600.0,6.06,4.9,7.69,4.06,-7.16,-3.17,-6.47,-28.74,-83.86,4.24,9.16,467.7,2.0
1687543200.0,8.84,4.31,9.52,6.03,-8.89,0.43,-6.3,2.7,-75.9,7.99,10.62,468.0,2.333
1687564800.0,10.06,8.95,10.54,5.77,-9.56,0.1,-8.67,0.62,-61.37,7.59,10.96,470.0,1.333
1687586400.0,8.58,6.65,9.29,8.94,-8.56,1.75,-7.26,12.04,-59.1,7.15,8.14,486.0,3.0
1687608000.0,6.24,4.3,6.83,6.47,-5.48,-0.56,-5.01,-5.1,-57.75,7.47,8.99,491.2,2.667
1687629600.0,10.12,3.32,12.16,11.65,-9.71,-6.34,-10.58,-46.17,-84.19,8.99,13.73,535.0,3.667
1687651200.0,8.16,6.8,10.28,1.37,-8.19,2.3,-9.21,17.1,-78.46,12.75,19.46,546.0,5.0
1687672800.0,9.22,7.71,10.16,6.11,-9.56,3.76,0.84,26.67,4.96,11.62,13.07,544.4,1.667
1687694400.0,9.01,8.08,11.28,9.69,-9.28,-1.53,-8.39,-10.28,-73.11,8.3,12.67,541.4,2.333
1687716000.0,7.5,6.54,9.33,8.25,-6.9,0.94,-3.79,6.98,-33.47,5.56,6.96,505.4,3.333
1687737600.0,5.85,4.78,6.5,5.79,-5.16,0.78,-4.98,7.69,-81.41,4.95,6.38,500.4,2.0
1687759200.0,5.59,5.26,5.94,5.57,-4.72,-1.08,-4.18,-11.32,-49.57,6.19,7.75,521.9,2.333
1687780800.0,5.64,5.2,6.05,5.79,-4.35,-0.24,-5.55,-2.46,-76.28,6.45,11.05,566.8,2.667
1687802400.0,5.28,4.84,5.57,5.5,-5.35,-0.17,-4.64,-2.39,-68.49,8.75,17.5,555.5,2.0
1687824000.0,5.31,4.13,5.9,5.61,-4.89,-1.29,-4.77,-14.96,-65.81,7.64,10.63,502.9,2.333
1687845600.0,4.88,4.11,5.38,4.96,-4.56,-1.44,-4.78,-18.18,-84.21,8.89,9.66,506.6,2.333
1687867200.0,4.82,3.43,5.23,5.17,-4.9,-0.29,-4.02,-3.57,-63.04,9.58,12.11,532.3,2.0
1687888800.0,5.31,3.76,5.87,5.04,-5.52,0.32,-4.9,3.59,-69.32,9.85,11.49,524.9,1.667
1687910400.0,4.99,4.03,5.64,5.31,-5.57,-0.32,-4.46,-3.68,-68.49,9.65,11.85,498.6,2.0
1687932000.0,5.52,5.12,6.17,5.57,-5.77,0.06,-4.14,0.64,-48.78,10.61,12.18,491.2,1.333
1687953600.0,5.8,5.39,6.36,5.92,-5.05,1.52,-3.16,15.14,-33.91,4.43,11.79,494.5,1.667
1687975200.0,5.35,5.03,6.01,5.5,-5.14,-0.55,-4.01,-5.84,-50.41,4.03,8.74,504.9,2.0
1687996800.0,5.77,4.34,6.53,6.25,-5.83,-3.04,-6.0,-32.15,-76.68,5.49,13.85,513.8,2.667
1688018400.0,6.16,4.61,7.66,3.49,-7.17,-4.52,-6.33,-50.94,-84.81,10.72,14.4,509.5,3.0
1688040000.0,7.3,6.77,7.64,6.07,-6.61,-3.25,-5.15,-27.17,-46.26,11.29,14.43,513.3,1.667
1688061600.0,6.86,3.24,8.07,7.25,-5.88,-3.22,-4.98,-26.22,-51.0,9.33,16.91,507.1,3.667
1688083200.0,4.63,2.79,7.36,6.7,-4.24,0.6,-3.15,8.53,-44.37,7.55,15.77,517.6,2.667
1688104800.0,3.92,3.19,5.47,0.69,-2.29,-2.55,-3.97,-38.96,-75.68,10.62,13.66,516.0,1.667
1688126400.0,6.65,4.24,7.39,-1.95,-1.44,1.04,-3.17,9.07,-39.24,9.25,14.19,588.9,3.0
1688148000.0,7.02,5.6,7.69,-2.73,0.24,2.26,-0.38,19.02,-3.81,10.98,12.73,504.9,0.333
1688169600.0,6.22,3.17,7.34,2.38,-1.63,1.89,-2.76,16.85,-37.42,11.02,13.69,509.9,2.0
1688191200.0,6.28,6.06,6.67,-5.14,-2.08,1.67,0.54,15.51,4.94,10.64,11.07,492.9,0.667
1688212800.0,5.9,5.23,6.29,-1.24,-0.34,0.75,-0.55,7.33,-5.75,2.96,11.97,505.1,0.667
1688234400.0,5.04,4.16,5.71,0.36,-4.87,1.44,-1.22,17.4,-13.75,3.89,11.2,503.2,1.0
1688256000.0,5.3,4.67,6.03,3.04,-0.87,0.06,-2.55,0.69,-27.31,4.12,11.01,502.9,0.667
1688277600.0,5.87,5.59,6.15,1.27,2.78,-1.5,-3.98,-14.8,-44.07,3.98,7.01,484.3,0.667
1688299200.0,6.28,5.97,6.45,1.87,4.67,-1.16,-3.19,-10.7,-30.36,3.88,4.87,459.4,1.667
1688320800.0,5.89,5.05,6.36,3.52,4.11,0.3,-2.45,2.91,-25.92,3.44,5.33,453.1,0.333
1688342400.0,5.5,4.76,7.14,4.55,-1.33,1.78,-2.34,18.84,-25.79,3.55,4.89,434.2,1.333
1688364000.0,6.39,4.98,7.18,3.43,-4.43,3.14,-2.93,32.49,-27.14,3.77,5.69,410.3,0.667
1688385600.0,6.77,5.7,7.22,-1.26,-0.99,-0.51,-3.41,-4.12,-29.2,3.1,5.74,448.7,1.0
1688407200.0,6.47,6.2,6.7,3.86,4.36,-1.17,-4.17,-10.68,-39.87,3.16,6.15,497.0,0.667
1688428800.0,6.04,5.71,6.56,1.82,3.15,0.14,-3.36,1.35,-33.85,3.06,7.99,500.5,0.667
1688450400.0,5.29,5.05,5.8,0.49,-2.24,0.02,-2.32,0.16,-24.83,2.34,5.6,498.5,0.667
1688472000.0,4.27,3.42,5.34,2.39,-2.82,0.6,-1.11,7.6,-15.85,1.37,4.52,460.0,1.0
1688493600.0,4.5,3.63,5.09,4.22,-1.42,0.93,-3.06,13.42,-39.2,3.73,6.52,357.8,0.667
1688515200.0,4.79,4.43,5.2,4.55,-2.15,0.99,-3.13,11.67,-41.87,4.1,5.56,357.6,1.333
1688536800.0,3.81,2.85,4.61,2.93,-0.1,2.23,1.16,36.36,17.9,7.31,16.51,347.6,0.333
1688558400.0,5.21,0.88,6.97,5.22,-4.51,0.9,-4.86,8.03,-70.15,9.69,18.23,369.7,1.333
1688580000.0,9.21,4.78,11.12,-4.58,0.46,0.68,-1.48,4.03,-8.93,12.26,17.02,429.2,1.667
1688601600.0,11.09,10.02,11.45,1.76,5.55,0.42,-4.58,2.25,-24.06,6.96,13.44,480.3,2.0
1688623200.0,10.29,8.18,11.71,3.09,2.66,-0.12,-8.89,-0.66,-64.51,8.32,15.2,470.5,1.667
1688644800.0,9.69,8.52,10.26,0.02,-0.21,-0.48,-5.33,-3.01,-34.13,11.94,14.11,481.6,3.0
1688666400.0,9.06,7.35,9.96,8.25,0.65,-0.17,-7.37,-1.05,-69.27,11.0,12.5,509.9,1.667
1688688000.0,9.48,6.86,10.55,6.1,-5.18,2.0,-8.33,13.07,-64.65,11.57,13.03,540.6,3.0
1688709600.0,8.02,6.83,9.43,3.33,-0.25,-4.86,-7.89,-39.38,-74.81,9.91,11.52,525.4,3.667
1688731200.0,5.59,4.19,8.04,1.24,-1.31,-4.46,-6.58,-52.87,-86.38,9.56,11.1,509.7,2.667
1688752800.0,5.98,4.28,6.82,4.88,-4.01,-2.86,-6.16,-27.84,-83.32,10.09,11.77,508.1,3.667
1688774400.0,5.74,4.81,6.01,4.9,-1.29,-0.32,-4.82,-3.22,-72.54,10.31,11.71,472.6,3.333
1688796000.0,5.35,3.97,6.34,4.99,-2.17,1.85,-1.11,21.61,-10.54,7.56,11.62,460.6,1.333
1688817600.0,5.62,3.79,6.22,0.67,-0.25,2.53,-1.55,27.39,-17.83,4.66,6.01,427.3,0.333
1688839200.0,6.39,4.11,7.17,4.51,-0.54,4.64,-3.06,47.97,-34.62,4.93,6.68,446.0,1.333
1688860800.0,5.87,5.21,6.34,-2.74,-2.02,3.89,0.59,40.57,6.29,2.55,3.16,405.7,0.0
1688882400.0,4.9,2.49,5.61,-0.92,-4.28,-0.27,-2.58,-3.58,-43.05,1.13,2.08,403.3,0.333
1688904000.0,4.25,3.22,4.73,1.39,0.4,0.3,-3.45,3.91,-56.51,1.71,3.05,403.0,1.0
1688925600.0,4.29,3.96,4.75,2.14,-0.94,-0.45,-4.15,-5.99,-67.69,1.44,3.19,405.5,0.667
1688947200.0,4.47,4.21,4.97,-0.86,-3.07,-0.56,-3.98,-7.18,-63.74,0.4,3.35,478.9,1.0
1688968800.0,4.36,4.09,4.97,-0.5,0.92,-2.05,-3.38,-26.31,-51.77,1.12,3.99,481.4,0.333
1688990400.0,5.4,4.9,6.04,1.84,0.83,-0.36,-3.51,-3.68,-39.81,3.1,4.28,352.8,1.333
1689012000.0,5.34,4.81,5.78,1.92,3.24,-0.58,-2.89,-5.99,-33.32,3.24,3.97,338.8,1.333
1689033600.0,5.51,5.09,5.98,2.4,1.3,-3.6,-5.57,-41.56,-72.12,3.99,4.74,367.5,2.0
1689055200.0,4.86,4.29,6.18,1.68,-1.66,-3.1,-5.88,-42.22,-86.0,5.02,5.91,329.7,2.667
1689076800.0,6.67,4.26,7.9,1.64,-0.57,-1.9,-4.81,-16.21,-72.05,7.89,9.51,340.2,2.0
1689098400.0,8.78,7.63,9.39,0.74,5.99,-1.26,-4.86,-8.02,-37.98,6.03,7.23,346.1,1.667
1689120000.0,6.89,6.42,8.67,0.8,2.94,-1.74,-6.2,-14.98,-56.88,4.66,9.28,382.6,2.0
1689141600.0,6.66,6.35,7.18,1.53,1.25,-4.55,-6.01,-42.78,-63.93,4.09,6.94,347.4,1.333
1689163200.0,6.51,3.86,7.88,2.01,-5.1,-3.35,-5.39,-32.8,-66.37,7.4,17.26,391.0,1.333
1689184800.0,5.31,1.82,7.16,2.87,-4.15,1.48,-4.38,16.8,-78.07,7.35,21.28,486.2,2.333
1689206400.0,3.52,1.29,6.03,2.48,-2.79,1.18,-3.07,20.96,-73.94,17.66,22.29,311.4,2.0
1689228000.0,5.6,4.46,9.17,0.84,2.23,2.66,-1.5,28.93,-17.79,11.09,16.23,319.8,1.333
1689249600.0,8.48,7.05,14.29,-0.29,0.92,5.57,-6.56,41.46,-34.4,13.03,23.39,349.3,1.333
1689271200.0,10.1,8.91,11.94,3.39,-4.41,3.75,-6.61,21.87,-41.5,8.62,11.08,358.0,2.333
1689292800.0,9.09,6.32,11.1,2.49,-6.22,-7.27,-10.74,-56.75,-87.41,7.38,11.78,358.0,3.0
1689314400.0,5.6,2.42,8.09,5.26,-6.13,-0.94,-4.57,-9.59,-78.79,9.22,12.26,374.2,3.333
1689336000.0,8.18,4.72,15.35,7.12,-13.56,-3.12,-11.9,-22.51,-84.55,10.95,32.21,441.8,2.667
1689357600.0,13.74,6.74,17.07,7.26,-15.39,4.13,-8.73,19.71,-64.34,12.75,34.95,446.7,4.667
1689379200.0,11.81,10.21,14.6,6.65,-12.98,0.98,-3.48,5.08,-14.81,3.09,5.26,439.4,2.667
1689400800.0,9.02,5.69,10.05,7.43,-9.1,1.36,-7.58,8.2,-61.71,2.05,9.69,502.1,1.0
1689422400.0,6.92,6.45,8.22,6.33,-5.75,1.12,-2.39,8.74,-20.64,9.16,13.39,605.5,2.333
1689444000.0,7.08,6.88,7.51,6.37,-5.55,-1.06,-2.93,-8.53,-23.44,12.25,12.86,609.4,0.667
1689465600.0,7.28,7.04,7.43,5.87,-5.9,-2.38,-4.07,-19.38,-33.85,9.23,12.74,587.8,0.667
1689487200.0,7.31,7.16,7.43,6.1,-5.68,-1.14,-3.47,-8.94,-28.72,12.25,13.1,615.6,0.333
1689508800.0,7.25,6.89,7.35,5.92,-5.5,-1.9,-3.62,-15.29,-29.94,11.91,13.01,618.8,0.667
1689530400.0,13.33,6.82,15.36,8.71,-13.19,-7.36,-12.11,-32.32,-71.26,8.32,25.75,631.8,3.333
1689552000.0,12.39,8.18,13.92,9.11,-11.44,2.14,-7.65,9.76,-66.98,12.35,26.03,704.5,2.667
1689573600.0,9.01,4.98,10.56,6.3,-7.07,-6.65,-9.84,-46.68,-84.06,6.59,8.69,525.2,4.0
1689595200.0,5.55,4.94,7.4,5.84,-5.04,0.38,-5.16,3.6,-77.09,2.19,7.78,593.6,3.0
1689616800.0,7.01,5.34,7.37,5.76,-4.42,-5.26,-6.39,-49.01,-78.32,7.5,10.15,592.4,4.667
1689638400.0,6.37,5.48,7.3,4.93,-6.01,-1.25,-5.53,-11.26,-51.61,9.48,10.21,545.2,4.333
1689660000.0,5.52,3.37,6.32,5.03,-5.69,1.97,-0.94,22.42,-9.27,8.55,9.63,529.2,2.0
1689681600.0,4.56,2.88,5.92,4.72,-0.57,3.17,1.2,45.67,23.61,8.45,10.8,519.7,3.333
1689703200.0,5.84,3.66,6.18,4.82,-2.54,3.97,3.01,44.86,33.31,5.98,8.98,486.2,3.667
1689724800.0,5.42,4.99,5.85,5.49,-4.29,1.98,-1.69,20.98,-19.37,3.8,7.79,511.8,0.667
1689746400.0,5.31,4.99,5.59,5.45,-1.71,0.89,-1.26,9.78,-14.71,6.26,7.41,483.1,1.333
1689768000.0,4.75,4.1,5.38,5.06,-4.52,1.98,-2.33,23.88,-32.78,3.52,6.95,459.4,1.333
1689789600.0,5.09,4.7,5.29,4.98,-1.91,1.52,-1.7,17.35,-20.64,3.72,4.31,423.2,0.667
1689811200.0,5.01,4.69,5.39,5.13,-4.81,1.65,-1.72,18.98,-21.05,2.24,5.61,420.2,0.667
1689832800.0,4.74,2.84,5.44,5.08,-4.79,0.21,-2.52,2.65,-32.69,2.35,5.12,503.9,0.667
1689854400.0,5.75,4.7,12.09,6.01,-8.15,-1.4,-10.79,-15.12,-81.01,2.54,15.59,457.9,1.333
1689876000.0,9.39,8.19,11.86,9.83,-9.96,2.35,-3.9,14.43,-24.95,8.76,12.64,449.7,3.667
1689897600.0,7.43,5.22,9.4,7.22,-7.13,0.51,-7.06,4.88,-71.91,8.25,12.64,442.5,2.333
1689919200.0,4.72,2.31,6.78,3.31,-6.08,1.41,-4.7,18.59,-59.0,9.28,12.42,420.4,1.667
1689940800.0,4.82,0.88,5.35,4.9,-4.78,-0.4,-4.06,-4.97,-69.52,6.9,10.89,389.0,1.0
1689962400.0,10.16,4.85,14.54,6.41,-12.18,-0.84,-14.74,-8.04,-86.59,9.7,14.95,437.1,2.333
1689984000.0,8.41,7.43,10.8,5.13,-8.68,1.06,-7.52,7.33,-73.55,5.31,9.24,422.9,3.0
1690005600.0,7.66,5.27,8.37,6.4,-7.71,-0.16,-5.77,-1.28,-71.31,4.42,6.43,449.2,2.333
1690027200.0,7.66,6.75,8.2,6.14,-6.8,4.22,0.08,33.9,0.68,5.99,7.59,477.8,1.667
1690048800.0,5.91,5.52,7.0,5.78,-6.74,0.99,-3.76,9.6,-36.47,4.86,7.24,472.2,1.0
1690070400.0,5.76,5.25,6.43,5.72,-5.04,1.4,-2.27,13.74,-21.39,4.58,6.32,476.4,0.333
1690092000.0,6.47,5.97,7.16,6.61,-4.89,-1.45,-4.92,-13.07,-53.98,4.35,6.82,469.5,1.333
1690113600.0,6.18,5.58,7.13,6.41,-4.02,-2.72,-5.97,-26.3,-63.79,3.95,5.8,470.4,1.667
1690135200.0,6.35,5.37,7.29,6.18,-1.1,-3.87,-6.16,-40.23,-72.24,3.66,5.37,478.5,2.333
1690156800.0,5.73,4.15,6.36,5.18,-4.93,3.02,-4.27,31.6,-57.16,3.46,5.4,482.8,2.333
1690178400.0,5.93,5.21,6.59,5.68,-5.42,2.74,-5.21,27.6,-61.53,3.26,5.6,468.5,0.667
1690200000.0,6.34,5.45,6.72,5.48,-5.92,2.63,-2.29,25.1,-22.51,2.71,5.23,451.5,1.667
1690221600.0,6.01,4.56,6.91,5.48,-5.48,-0.2,-5.9,-2.3,-66.19,3.8,6.01,470.0,1.667
1690243200.0,5.58,4.33,6.06,5.52,-4.56,0.06,-4.25,0.61,-61.66,2.59,7.25,481.5,1.0
1690264800.0,6.12,5.39,6.75,5.71,-4.85,1.87,-5.66,18.19,-79.83,1.68,4.05,426.8,1.667
1690286400.0,6.74,5.89,7.51,6.56,-5.85,-4.74,-6.56,-48.39,-74.64,2.4,3.87,422.5,2.0
1690308000.0,7.07,5.71,15.36,11.11,-8.66,-4.38,-12.06,-36.93,-77.39,3.7,13.32,515.1,2.333
1690329600.0,9.8,6.47,14.31,9.42,-9.91,-4.56,-11.54,-29.87,-57.37,7.49,12.18,546.5,3.333
1690351200.0,7.95,6.05,10.24,6.07,-8.09,-3.64,-7.91,-28.43,-61.28,4.87,9.33,530.5,4.0
1690372800.0,6.02,4.86,6.5,3.31,-5.66,-2.03,-3.58,-21.2,-36.3,7.51,12.81,586.4,3.0
1690394400.0,6.64,6.3,7.11,-5.12,-3.72,-0.43,-1.73,-3.68,-15.54,10.71,11.65,561.6,2.667
1690416000.0,6.97,6.63,7.21,-4.08,-2.29,2.38,-1.12,20.03,-9.26,8.33,12.7,532.8,2.0
1690437600.0,6.82,5.87,7.18,-5.44,-1.72,1.81,0.68,15.95,5.99,6.91,10.67,479.7,1.333
1690459200.0,6.28,5.61,6.74,-5.21,-2.22,-0.57,-2.02,-4.93,-19.04,9.67,13.03,446.6,1.0
1690480800.0,6.49,6.12,6.77,-4.79,-2.69,1.05,-1.81,9.39,-16.26,4.9,6.28,433.3,1.667
1690502400.0,5.67,5.18,6.3,-0.48,-2.23,1.02,-0.54,10.31,-5.62,5.15,6.33,438.7,0.333
1690524000.0,5.82,5.18,6.57,-1.8,-2.31,2.16,-4.63,22.38,-51.36,4.09,6.17,410.1,0.333
1690545600.0,6.5,5.17,7.12,-0.16,-2.58,-1.27,-5.26,-11.11,-49.13,4.85,6.4,408.7,2.0
1690567200.0,6.13,5.57,6.96,0.18,-4.51,-3.34,-5.06,-33.31,-55.35,2.93,5.29,415.7,2.333
1690588800.0,5.59,4.97,5.87,-1.81,-1.61,-2.63,-4.08,-28.41,-48.5,1.54,2.77,409.3,2.0
1690610400.0,5.33,4.43,6.47,2.03,-0.7,1.29,-5.47,14.75,-73.89,3.55,5.11,400.8,0.333
1690632000.0,5.76,2.85,6.27,4.09,-3.68,-3.22,-5.71,-35.75,-77.15,6.79,8.39,410.1,3.0
1690653600.0,6.7,4.36,8.88,5.9,-4.67,5.2,-2.95,49.52,-35.28,7.75,10.25,441.3,2.333
1690675200.0,6.95,5.93,8.39,3.65,-6.61,-2.98,-7.13,-27.36,-70.13,5.03,6.42,472.9,0.667
1690696800.0,5.48,3.95,6.7,-1.38,-2.29,-3.24,-5.36,-33.91,-55.98,3.15,7.72,527.9,1.333
1690718400.0,5.78,4.87,6.36,1.22,0.63,-2.91,-5.02,-31.5,-52.55,5.65,7.76,500.0,2.667
1690740000.0,5.04,3.42,6.05,4.02,-0.64,-0.68,-3.85,-8.23,-43.02,6.98,7.76,498.2,2.0
1690761600.0,5.32,4.51,5.95,2.52,-0.28,-3.16,-5.16,-34.94,-81.55,5.16,7.41,503.1,1.0
1690783200.0,5.46,5.19,6.07,3.33,0.93,-2.95,-5.33,-32.98,-71.46,3.04,6.54,497.0,1.667
1690804800.0,4.28,3.89,5.51,2.16,-1.87,-0.59,-4.91,-7.88,-70.73,6.02,8.19,593.9,2.0
1690826400.0,4.64,4.17,5.36,2.87,1.57,-2.47,-4.41,-31.4,-61.78,3.31,6.58,488.2,0.667
1690848000.0,4.28,1.99,5.61,1.3,-2.21,1.54,-4.16,29.77,-49.89,2.93,5.11,480.9,2.0
1690869600.0,4.15,2.33,11.44,-0.98,-8.56,1.32,-2.88,20.37,-18.84,6.73,13.59,452.5,0.667
1690891200.0,6.18,3.88,12.36,10.03,-8.42,-1.84,-4.32,-16.96,-47.71,21.04,25.02,418.1,3.0
1690912800.0,9.03,6.36,11.5,9.0,-8.45,0.87,-2.01,5.24,-13.23,9.81,12.53,400.3,2.333
1690934400.0,10.59,7.87,11.78,5.91,-10.8,3.37,-3.68,19.53,-18.66,10.2,13.6,411.7,1.667
1690956000.0,10.63,9.58,11.53,7.81,-9.18,-6.33,-8.24,-36.11,-58.12,6.61,9.95,412.9,1.0
1690977600.0,6.69,3.99,9.8,4.43,-3.88,-5.62,-9.41,-47.26,-83.46,13.92,16.94,391.1,4.0
1690999200.0,4.23,3.11,6.16,5.56,-0.6,-0.8,-3.6,-10.39,-62.31,11.12,13.94,390.7,2.0
1691020800.0,4.63,2.57,6.34,5.55,-1.4,-0.17,-2.76,-2.27,-46.41,9.28,13.05,357.8,1.333
1691042400.0,4.6,2.9,7.36,0.0,-6.41,-0.88,-4.55,-11.5,-45.62,7.55,10.58,371.3,1.333
1691064000.0,8.25,6.4,9.22,-5.15,-4.54,0.47,-1.85,4.06,-15.76,3.9,12.12,386.4,1.667
1691085600.0,9.22,8.77,9.55,-7.81,-3.29,1.79,-1.26,10.94,-7.82,2.93,4.94,487.5,0.333
1691107200.0,9.27,8.47,9.89,-2.43,1.06,2.92,-0.95,18.45,-6.22,2.31,5.33,488.0,0.0
1691128800.0,14.12,9.81,16.22,-7.41,-3.32,1.3,-7.41,5.56,-30.76,1.87,5.87,492.1,1.333
1691150400.0,13.22,11.2,14.82,-3.78,-1.76,-2.62,-12.71,-12.58,-68.42,8.19,13.69,418.1,2.667
1691172000.0,11.34,6.71,13.83,4.83,-1.68,-7.36,-12.14,-48.99,-84.2,8.42,11.11,402.0,4.0
1691193600.0,19.3,9.92,23.47,9.57,-5.13,-10.44,-20.39,-41.31,-75.12,11.7,27.55,460.1,5.0
1691215200.0,11.28,6.08,16.14,3.96,-5.61,-1.71,-11.27,-7.7,-82.65,11.78,18.96,420.7,5.333
1691236800.0,5.47,3.45,6.94,2.04,-2.38,5.28,-2.77,75.59,-32.49,5.88,15.52,578.5,3.333
1691258400.0,7.03,4.99,7.58,-2.36,0.16,3.63,-1.6,31.61,-18.69,6.01,6.96,499.4,0.667
1691280000.0,7.38,7.07,7.76,-4.11,-2.01,5.12,4.36,42.95,36.01,3.13,6.76,486.5,0.0
1691301600.0,7.09,6.63,7.37,-5.24,-1.76,3.92,2.35,33.56,20.3,6.09,6.83,487.7,0.0
1691323200.0,6.43,3.8,7.27,3.91,-1.49,2.0,-3.13,23.05,-31.01,5.87,6.93,490.4,0.333
1691344800.0,6.42,5.64,7.34,1.49,-1.55,-0.73,-3.44,-6.27,-36.12,5.92,6.85,498.5,1.0
1691366400.0,8.74,5.27,10.13,1.95,-6.04,-2.44,-8.68,-16.43,-69.16,3.76,6.43,483.3,3.0
1691388000.0,7.41,7.03,12.69,-0.68,-1.22,2.95,-4.95,23.45,-21.97,5.95,6.88,488.0,0.333
1691409600.0,8.03,4.61,11.84,3.19,-7.01,-1.18,-6.16,-8.3,-48.49,6.13,7.64,493.5,2.0
1691431200.0,8.05,6.92,9.03,7.34,-6.62,-4.69,-8.15,-37.11,-79.47,3.31,7.26,596.8,2.667
1691452800.0,6.12,3.75,6.99,5.42,-1.98,0.63,-5.78,5.73,-66.64,5.98,7.85,510.1,4.0
1691474400.0,5.39,1.61,6.16,4.06,-5.53,0.32,-3.29,3.81,-41.18,6.07,7.47,496.6,0.667
1691496000.0,6.01,2.33,7.69,6.63,-0.35,-1.05,-4.11,-10.85,-35.63,6.58,10.24,509.4,1.0
1691517600.0,6.83,5.82,7.6,6.0,1.6,1.36,-3.29,11.7,-27.15,5.73,7.57,492.9,1.333
1691539200.0,6.61,5.92,7.06,5.75,3.25,0.14,-1.64,1.4,-14.26,5.85,7.93,479.6,1.667
1691560800.0,5.9,2.88,7.34,7.18,-3.24,-0.62,-2.73,-5.85,-25.64,8.11,13.38,428.3,1.333
1691582400.0,6.44,3.63,7.24,5.95,-2.88,-1.93,-4.71,-17.91,-43.5,7.55,14.56,413.6,2.0
1691604000.0,5.77,3.89,7.01,5.32,-2.32,-2.19,-3.72,-20.49,-42.91,8.78,16.53,401.2,1.667
1691625600.0,4.8,3.35,5.79,4.81,-3.59,-2.47,-3.56,-30.43,-74.37,3.26,6.68,454.5,1.667
1691647200.0,4.34,3.4,4.72,4.38,-2.79,-2.07,-3.37,-28.73,-64.74,2.77,6.28,482.1,1.0
1691668800.0,5.68,4.35,9.64,5.96,-8.13,-1.5,-4.12,-16.64,-50.97,5.28,10.21,430.0,1.333
1691690400.0,7.11,4.73,8.45,6.92,-6.64,5.3,-1.85,47.53,-16.19,5.18,7.23,507.0,1.333
1691712000.0,6.03,5.39,7.11,4.81,-6.43,2.54,-0.64,24.28,-5.99,6.81,8.51,488.9,1.0
1691733600.0,5.12,2.1,7.62,5.39,-5.51,1.94,-3.07,29.84,-54.19,6.34,8.04,479.1,0.667
1691755200.0,6.63,5.41,7.79,6.45,-6.5,2.72,-3.31,24.03,-28.64,6.94,8.09,476.2,1.0
1691776800.0,6.94,5.97,7.64,5.21,-7.14,2.41,-4.37,20.0,-37.36,6.36,7.76,486.5,0.667
1691798400.0,6.46,5.25,7.12,5.72,-6.41,-0.53,-4.82,-4.76,-49.98,6.34,8.01,481.8,1.667
1691820000.0,5.25,4.85,5.88,5.22,-5.29,1.47,-3.32,16.26,-40.68,5.69,9.53,480.3,2.0
1691841600.0,5.15,4.76,5.44,5.23,-4.11,-1.16,-4.85,-13.27,-68.15,4.3,9.35,467.4,1.333
1691863200.0,5.23,4.66,5.71,4.86,-5.3,-1.92,-4.64,-21.12,-64.84,5.33,7.95,461.4,2.0
1691884800.0,5.17,4.61,5.77,5.12,-5.16,-0.28,-3.22,-3.05,-36.96,5.52,8.03,467.7,2.0
1691906400.0,4.81,4.04,5.54,4.62,-4.7,2.18,-2.22,26.97,-27.74,4.36,6.9,474.3,0.667
1691928000.0,4.26,3.91,4.63,3.67,-4.1,1.37,-1.36,19.34,-18.77,3.82,6.66,482.3,1.0
1691949600.0,3.97,3.49,4.7,3.29,-4.47,1.53,-3.66,22.25,-63.75,2.62,6.01,487.3,0.667
1691971200.0,4.04,2.78,4.98,3.04,-4.72,2.53,-2.84,41.0,-63.48,5.0,6.55,386.1,1.333
1691992800.0,4.03,1.8,4.69,3.58,-2.37,-0.05,-3.79,-0.94,-76.63,5.2,6.51,382.0,0.333
1692014400.0,4.07,2.99,4.37,4.13,-2.77,-1.33,-3.47,-18.74,-66.22,2.84,5.03,361.9,1.333
1692036000.0,3.74,3.3,4.3,2.94,-3.94,-1.03,-2.8,-16.3,-52.59,3.89,5.29,337.5,1.333
1692057600.0,3.33,2.86,3.82,2.95,-3.7,-0.12,-2.11,-1.99,-40.26,6.83,9.35,332.3,0.333
1692079200.0,3.76,2.43,4.42,3.09,-3.94,-0.21,-2.25,-3.35,-32.79,9.66,11.88,318.4,0.333
1692100800.0,6.32,4.26,7.24,5.83,-5.22,-2.92,-4.77,-26.23,-42.06,10.69,18.04,304.4,1.0
1692122400.0,5.41,3.93,6.78,4.08,1.37,-2.73,-4.34,-31.59,-45.33,10.22,31.59,367.2,1.0
1692144000.0,4.75,3.06,5.82,3.8,-3.65,0.31,-3.53,5.01,-41.67,12.9,16.03,294.0,1.667
1692165600.0,4.79,2.91,5.77,4.14,-3.95,0.67,-3.43,8.91,-45.85,11.66,30.15,360.0,0.333
1692187200.0,8.24,4.79,9.01,1.53,-5.85,-6.91,-8.07,-57.0,-75.52,9.2,15.89,324.6,2.667
1692208800.0,7.83,6.84,10.01,0.79,4.62,-1.11,-6.45,-8.1,-43.42,9.98,12.0,319.8,1.667
1692230400.0,7.3,4.75,8.59,3.87,3.02,-2.01,-4.0,-16.88,-34.49,8.79,13.6,324.1,2.333
1692252000.0,7.41,6.58,8.8,0.53,4.17,1.52,-5.42,11.82,-50.39,1.51,6.25,477.4,2.0
1692273600.0,6.77,4.98,9.13,1.31,0.2,-1.77,-5.88,-15.34,-55.6,9.74,19.75,337.1,1.667
1692295200.0,9.34,6.85,10.94,6.88,-7.93,6.55,-6.47,51.85,-55.13,19.36,22.4,339.6,1.333
1692316800.0,12.8,6.08,14.93,10.88,-10.97,-0.43,-8.81,-2.46,-71.14,7.95,20.46,456.1,2.0
1692338400.0,10.55,9.23,14.27,10.43,-9.34,1.61,-10.92,8.97,-65.89,6.71,9.2,499.9,3.0
1692360000.0,10.26,6.51,11.74,8.1,-8.68,4.03,-3.63,26.1,-23.69,7.66,10.36,508.0,1.333
1692381600.0,6.27,3.06,6.91,5.81,-6.21,0.52,-5.72,4.66,-79.16,6.89,9.55,522.3,2.333
1692403200.0,3.1,1.87,3.68,3.02,-2.72,0.68,-1.3,11.95,-28.38,7.4,9.63,520.8,2.333
1692424800.0,3.17,2.77,3.91,3.42,-3.19,0.65,-2.32,11.51,-52.54,4.77,8.03,485.9,1.0
1692446400.0,6.33,3.99,8.12,4.9,-7.49,3.24,0.16,36.91,1.92,7.91,9.9,507.1,1.333
1692468000.0,7.58,6.24,8.84,5.27,-7.92,0.96,-6.09,7.53,-45.56,3.84,10.88,498.8,3.0
1692489600.0,8.1,3.61,10.15,8.43,-8.39,2.87,-5.22,20.15,-58.18,2.22,8.86,576.1,3.333
1692511200.0,7.31,6.25,9.36,7.82,-6.15,5.04,-2.49,39.99,-22.77,0.55,4.09,606.5,1.333
1692532800.0,7.57,6.7,8.46,7.63,-6.78,3.11,-3.23,24.46,-27.98,0.32,2.34,604.7,1.0
1692554400.0,6.88,5.55,8.64,6.83,-8.08,1.93,-4.85,15.98,-60.4,0.17,4.61,610.5,2.0
1692576000.0,6.73,5.6,7.09,6.43,-6.31,1.18,-2.96,10.38,-32.01,0.56,2.82,604.9,2.0
1692597600.0,5.37,2.55,6.42,5.78,-5.94,0.77,-4.21,8.49,-66.75,0.23,3.07,610.5,2.667
1692619200.0,4.32,3.76,5.02,4.16,-3.98,1.38,-3.21,18.57,-51.96,0.98,2.35,598.7,2.667
1692640800.0,4.33,3.93,4.59,4.2,-3.85,1.23,-2.63,17.32,-40.98,2.0,6.53,553.1,2.0
1692662400.0,3.25,1.61,4.48,3.56,-3.18,-1.36,-3.76,-28.04,-83.17,4.21,10.38,531.4,2.333
1692684000.0,2.98,1.7,4.77,2.96,-2.74,-0.76,-3.0,-15.2,-57.64,5.66,9.37,513.1,2.0
1692705600.0,3.24,2.7,3.52,3.41,-3.03,0.56,-1.11,10.42,-21.68,5.54,7.77,476.3,1.333
1692727200.0,3.63,2.83,4.19,3.32,-3.89,1.91,-1.74,32.0,-30.47,5.8,7.83,492.3,0.667
1692748800.0,3.79,2.6,4.85,3.34,-3.81,1.7,-1.89,28.83,-30.47,5.36,7.63,462.1,1.0
1692770400.0,4.33,3.17,4.79,2.19,-4.33,2.66,-0.86,40.53,-11.35,4.57,7.44,459.7,0.333
1692792000.0,4.8,3.78,5.23,3.54,-4.72,2.21,-0.16,28.19,-2.05,3.48,5.77,448.3,0.333
1692813600.0,5.92,4.47,6.49,4.12,-6.18,2.29,-1.44,23.67,-15.14,3.46,5.65,430.7,0.667
1692835200.0,5.96,5.37,6.77,2.55,-6.49,1.92,-2.83,18.87,-29.89,3.04,5.82,429.7,0.0
1692856800.0,6.01,5.03,7.33,5.81,-5.3,2.59,-1.86,24.29,-20.71,2.63,5.74,434.6,0.667
1692878400.0,7.77,2.44,8.92,6.06,-7.75,-1.34,-7.17,-10.29,-74.64,6.13,12.75,477.2,1.667
1692900000.0,4.68,3.48,5.61,1.53,-0.28,-0.4,-4.89,-5.26,-76.24,8.86,11.28,500.5,3.0
1692921600.0,2.4,0.84,4.99,3.11,-2.68,1.03,-4.15,37.56,-82.05,5.04,7.79,504.8,2.0
1692943200.0,3.08,2.11,4.15,3.04,-3.5,0.36,-2.19,6.48,-43.5,1.96,3.53,557.5,0.333
1692964800.0,3.71,3.06,4.42,2.23,0.57,-1.32,-3.53,-22.79,-71.93,5.84,7.22,490.4,1.0
1692986400.0,5.03,4.46,5.9,1.76,2.18,-0.28,-4.05,-3.29,-60.69,6.05,7.5,492.7,0.667
1693008000.0,7.51,5.83,7.86,0.64,1.09,-1.1,-6.74,-8.63,-69.03,5.52,7.26,490.8,1.333
1693029600.0,6.92,5.44,7.75,-0.18,-5.99,-1.79,-3.2,-14.95,-26.91,3.61,6.31,468.2,2.0
1693051200.0,6.79,5.63,7.53,-0.3,-4.25,-2.22,-5.89,-19.72,-51.75,3.67,6.81,445.1,1.667
1693072800.0,6.82,5.71,8.42,-0.06,-5.57,-0.8,-7.03,-6.87,-86.27,6.11,8.16,417.0,1.333
1693094400.0,5.44,3.32,6.75,0.59,-6.09,-3.41,-6.09,-41.05,-80.6,3.5,6.28,426.2,3.333
1693116000.0,4.06,1.96,5.8,2.19,0.69,-1.83,-3.06,-29.01,-54.38,3.68,5.35,411.1,2.333
1693137600.0,6.1,5.76,6.58,2.1,-1.71,-1.97,-5.1,-19.14,-54.5,0.86,5.44,474.0,1.667
1693159200.0,6.2,5.69,6.55,2.64,3.19,-1.19,-5.05,-11.32,-50.87,1.54,5.26,467.2,2.333
1693180800.0,5.44,4.11,5.77,2.02,1.28,-3.45,-5.45,-41.08,-75.26,2.85,4.42,348.9,1.333
1693202400.0,5.25,4.56,5.63,2.01,1.59,-3.6,-4.72,-44.55,-68.76,5.69,7.39,332.5,1.667
1693224000.0,5.42,3.01,7.07,3.55,-5.77,-2.9,-5.37,-30.19,-63.36,6.32,11.9,340.0,1.333
1693245600.0,7.49,5.55,8.1,3.11,-7.02,4.51,0.3,37.9,3.09,3.1,5.84,346.8,2.0
1693267200.0,7.31,5.98,8.2,4.79,-5.77,5.6,1.61,49.66,14.81,2.96,7.46,368.5,0.0
1693288800.0,6.59,4.25,7.88,5.55,-5.58,-0.94,-6.49,-9.18,-86.49,3.49,5.25,374.5,0.333
1693310400.0,5.87,5.03,6.63,6.14,-5.27,1.16,-4.95,11.5,-57.92,2.51,4.02,391.9,2.0
1693332000.0,5.6,4.91,6.21,5.98,-5.71,0.42,-3.62,4.3,-39.78,1.49,3.15,410.5,1.0
1693353600.0,5.4,4.62,6.03,5.51,-2.51,-0.3,-4.13,-2.99,-49.08,1.47,4.71,412.2,2.0
1693375200.0,5.19,2.37,6.02,4.66,-2.03,-1.74,-4.84,-21.38,-80.32,2.08,6.38,413.0,1.0
1693396800.0,6.46,4.94,7.32,5.89,-6.51,1.07,-5.96,8.73,-75.13,5.11,8.94,331.9,2.0
1693418400.0,6.35,4.91,7.12,5.75,-4.97,4.1,-0.49,39.8,-4.59,4.8,8.86,410.1,1.333
1693440000.0,6.66,4.65,8.29,7.85,-6.04,-2.1,-5.75,-17.22,-60.79,3.3,6.04,326.0,0.667
1693461600.0,8.04,5.7,10.71,5.54,-7.94,6.58,-5.88,47.31,-77.1,5.86,7.97,340.6,1.667
1693483200.0,8.55,5.23,12.39,7.03,-8.48,3.35,-6.15,23.6,-31.39,6.9,12.28,427.7,1.0
1693504800.0,10.85,9.75,12.07,6.96,5.55,1.27,-4.88,6.54,-28.6,4.99,10.69,435.8,2.0
1693526400.0,9.28,7.45,10.58,9.01,1.91,-4.25,-7.7,-28.32,-59.64,3.58,10.15,469.3,2.667
1693548000.0,8.94,6.92,9.96,5.06,-3.01,-4.03,-8.43,-26.69,-74.33,6.62,11.13,445.9,2.333
1693569600.0,8.49,6.8,11.05,0.16,-1.9,0.66,-9.38,4.3,-76.9,6.27,11.95,435.3,3.667
1693591200.0,6.99,4.07,9.6,-1.45,-2.75,1.69,-5.99,14.81,-64.75,2.28,10.71,558.6,2.333
1693612800.0,6.4,5.16,9.08,3.3,-7.03,-3.72,-8.61,-35.38,-79.15,1.09,2.94,558.8,3.333
1693634400.0,7.35,5.37,8.36,4.69,-6.3,-5.77,-8.07,-55.22,-84.8,0.71,3.16,567.0,4.667
1693656000.0,6.14,5.06,7.28,4.75,-2.48,-3.52,-6.99,-33.87,-84.16,2.38,13.62,572.6,4.667
1693677600.0,7.55,5.24,9.4,2.51,-9.32,-3.84,-7.35,-33.17,-77.13,12.95,26.47,565.6,4.667
1693699200.0,6.55,3.89,8.44,0.47,-8.43,1.57,-7.16,14.76,-85.94,23.19,30.66,538.1,5.333
1693720800.0,7.09,2.56,8.16,4.8,-7.8,-1.9,-4.17,-15.3,-45.86,9.01,25.84,498.7,4.667
1693742400.0,5.36,3.02,7.65,2.61,-5.34,-2.25,-3.89,-22.56,-44.55,9.1,12.21,474.5,3.333
1693764000.0,5.98,3.77,6.87,2.63,-5.86,-0.56,-3.57,-5.53,-35.21,8.09,9.83,463.8,1.333
1693785600.0,4.72,3.31,6.11,1.17,-5.82,-0.29,-2.41,-3.54,-29.87,5.57,8.18,462.2,2.667
1693807200.0,4.26,2.97,5.09,0.14,-4.76,0.54,-1.48,7.81,-29.75,6.43,7.63,441.2,1.0
1693828800.0,4.83,4.18,5.55,0.04,-5.3,0.06,-3.53,0.63,-47.81,4.8,7.03,426.7,1.333
1693850400.0,4.46,4.13,4.95,0.72,-4.58,1.83,0.58,24.51,7.65,3.74,6.68,418.8,2.0
1693872000.0,4.99,4.27,5.78,1.85,-5.74,0.68,-1.14,7.1,-14.26,3.39,5.51,433.1,1.0
1693893600.0,5.47,4.42,6.25,-0.19,-5.5,1.37,-4.7,15.9,-59.76,3.05,5.67,404.6,0.667
1693915200.0,6.17,4.21,9.88,5.46,-9.02,0.01,-8.55,0.1,-77.35,7.5,14.13,451.8,1.667
1693936800.0,3.3,0.84,9.8,4.09,-3.89,0.33,-7.99,8.64,-63.4,11.09,17.34,456.3,4.0
1693958400.0,3.74,1.26,4.76,3.55,-3.21,0.66,-4.02,12.74,-67.89,5.46,11.39,448.7,1.667
1693980000.0,4.98,3.6,5.51,2.25,-3.93,-1.31,-5.11,-15.94,-68.85,2.72,6.12,424.5,2.333
1694001600.0,5.03,0.93,6.86,3.77,-6.52,0.98,-5.63,17.77,-77.94,7.54,12.87,450.5,3.333
1694023200.0,5.56,2.29,6.16,3.63,-5.99,1.65,-4.27,17.44,-74.64,4.79,7.2,444.2,0.667
1694044800.0,4.1,1.82,4.59,3.95,-4.06,1.24,-4.1,18.09,-69.76,4.78,6.36,436.6,2.0
1694066400.0,4.47,3.45,4.99,4.55,-4.76,0.43,-3.51,5.5,-51.3,3.08,6.61,398.1,0.667
1694088000.0,4.42,2.65,5.17,3.98,-4.25,-1.57,-3.28,-21.02,-58.83,4.03,11.33,374.0,1.667
1694109600.0,3.66,2.09,4.27,3.0,-2.93,-1.4,-3.5,-23.84,-66.13,2.89,3.98,395.9,1.0
1694131200.0,4.21,3.55,4.64,4.15,-2.97,0.37,-3.57,5.35,-59.53,1.22,2.57,414.6,3.0
1694152800.0,4.39,3.55,4.84,4.19,-3.49,1.05,-2.89,13.95,-46.24,1.06,3.29,399.4,0.0
1694174400.0,6.22,4.54,7.43,4.25,-4.88,3.17,-6.1,35.43,-72.2,4.73,7.64,388.8,1.333
1694196000.0,6.18,5.62,7.36,5.29,-4.88,3.23,-5.26,32.8,-58.92,2.69,5.21,403.5,1.333
1694217600.0,5.79,5.22,6.05,5.86,-5.34,-1.8,-5.41,-18.34,-67.48,1.81,3.48,447.9,3.0
1694239200.0,5.92,5.25,7.18,5.25,-4.49,-3.53,-6.34,-35.84,-86.64,3.35,8.48,420.8,1.333
1694260800.0,5.78,3.95,6.75,6.56,-4.17,-0.98,-5.89,-11.58,-73.67,5.45,9.99,401.8,2.333
1694282400.0,4.6,3.73,5.64,4.65,-3.28,3.21,0.81,44.83,9.66,8.02,11.6,382.9,0.333
1694304000.0,6.05,5.23,6.62,5.53,-5.2,3.52,1.25,36.58,12.94,1.8,4.38,443.5,1.333
1694325600.0,5.55,4.61,5.97,5.2,-4.94,1.71,-0.93,17.93,-11.89,2.06,3.02,433.9,0.0
1694347200.0,5.69,5.09,6.01,5.6,-4.89,0.59,-5.03,5.99,-68.75,2.82,4.24,374.3,0.0
1694368800.0,5.2,3.3,6.79,4.39,-5.86,1.11,-3.26,12.57,-42.09,3.24,4.81,370.2,0.667
1694390400.0,7.63,3.52,8.56,6.24,-7.87,2.31,-5.61,19.42,-51.52,6.92,9.7,398.5,1.333
1694412000.0,6.24,3.87,8.19,6.32,-7.96,2.18,-3.46,22.87,-38.09,5.93,7.45,410.7,1.0
1694433600.0,5.82,4.9,7.14,5.13,-6.86,2.88,-4.33,29.75,-53.72,4.44,6.82,413.7,1.333
1694455200.0,7.28,5.37,8.0,5.87,-7.58,0.66,-3.78,5.6,-31.98,5.65,12.43,421.1,1.333
1694476800.0,6.55,5.55,6.86,5.43,-5.77,1.13,-1.19,10.01,-10.8,7.29,11.27,387.7,1.0
1694498400.0,6.48,4.38,18.55,9.21,-15.5,-0.06,-10.5,-0.31,-35.46,8.66,38.6,409.0,0.667
1694520000.0,15.53,9.08,19.97,9.49,-17.36,-12.2,-19.02,-54.75,-77.25,16.58,71.16,419.0,5.333
1694541600.0,12.77,11.21,14.23,6.04,2.5,-8.19,-11.15,-40.52,-57.26,10.59,18.55,401.1,4.0
1694563200.0,8.83,3.63,12.49,6.22,-3.74,-0.7,-8.69,-5.21,-44.32,9.68,19.77,454.3,5.0
1694584800.0,6.4,3.21,8.88,7.26,-1.68,-0.45,-6.52,-4.73,-68.15,8.56,17.6,440.9,2.0
1694606400.0,5.54,5.27,5.64,0.56,4.03,-3.65,-3.85,-40.46,-43.36,5.8,6.04,428.1,3.0
1694628000.0,6.77,5.2,8.3,0.84,-6.24,-4.01,-5.58,-36.65,-51.17,4.0,6.64,435.5,1.667
1694649600.0,9.35,7.59,10.41,3.53,-2.71,0.7,-7.63,4.0,-51.94,6.29,11.45,457.3,4.333
1694671200.0,4.53,4.42,5.03,3.31,-4.0,3.07,2.72,42.49,34.24,11.04,12.33,508.5,2.667
1694692800.0,9.49,4.63,11.25,9.17,-8.86,4.04,-9.46,35.05,-63.13,10.48,14.44,524.8,1.333
1694714400.0,7.68,3.12,10.46,7.95,-7.48,0.32,-7.71,2.18,-51.95,13.23,27.42,517.7,4.0
1694736000.0,7.82,6.69,8.55,7.34,-8.01,2.99,-2.16,21.83,-18.39,6.92,9.03,494.3,2.0
1694757600.0,6.68,5.25,7.93,5.38,-6.18,5.48,-3.65,52.98,-42.25,7.02,8.52,490.7,0.667
1694779200.0,5.27,4.43,5.83,4.67,-5.66,0.97,-4.67,10.56,-68.41,6.04,8.61,494.0,1.667
1694800800.0,4.91,4.39,5.38,5.16,-4.04,0.73,-1.89,8.47,-23.67,5.16,6.79,467.1,1.0
1694822400.0,5.25,4.49,5.76,4.33,-3.79,3.46,-2.04,42.55,-25.57,3.83,7.35,491.8,1.333
1694844000.0,5.12,4.62,5.43,5.26,-3.29,-0.32,-3.18,-3.6,-41.78,5.81,6.31,431.0,0.667
1694865600.0,4.8,4.35,5.05,4.32,-3.28,-2.62,-4.76,-33.19,-82.22,4.87,6.23,432.3,0.333
1694887200.0,5.07,4.17,6.06,5.0,-4.38,-3.53,-5.16,-48.71,-83.81,4.69,6.12,438.5,3.0
1694908800.0,6.24,3.89,9.64,4.52,-8.53,1.72,-8.43,14.53,-83.9,14.68,17.31,504.9,3.333
1694930400.0,6.87,3.32,9.06,3.47,-7.31,4.95,-5.97,41.61,-75.46,10.8,15.25,482.4,2.667
1694952000.0,5.08,3.73,6.35,3.99,-5.8,2.65,-4.33,29.38,-50.81,8.43,10.39,479.1,2.667
1694973600.0,6.35,3.78,7.39,3.69,-7.38,0.85,-5.98,7.8,-74.27,8.71,9.75,454.7,3.333
1694995200.0,8.9,4.82,10.18,4.11,-9.87,-3.71,-7.07,-24.02,-70.65,8.64,11.88,477.8,4.333
1695016800.0,9.71,8.72,10.05,1.14,-9.85,1.07,-0.61,6.47,-3.58,5.55,6.5,438.0,3.333
1695038400.0,20.32,8.73,22.48,3.79,-22.41,1.96,-17.23,9.04,-63.61,16.03,19.0,591.8,4.333
1695060000.0,15.52,12.86,17.85,-1.03,-15.86,-0.81,-13.38,-3.13,-58.52,8.09,16.91,587.2,5.0
1695081600.0,7.99,6.16,14.68,8.49,-8.49,-5.66,-13.12,-38.8,-79.04,0.56,12.46,610.6,5.667
1695103200.0,8.14,2.53,8.86,7.3,-6.28,-3.29,-6.84,-27.26,-69.76,10.95,13.22,618.8,4.333
1695124800.0,7.23,2.37,8.94,3.42,-4.42,-2.49,-7.09,-21.74,-76.83,12.62,18.6,609.6,5.667
1695146400.0,7.17,5.94,8.09,1.06,2.09,-0.28,-2.19,-2.22,-17.68,11.24,12.75,589.2,3.667
1695168000.0,6.95,4.6,10.58,-2.06,-0.12,0.18,-1.43,1.33,-11.78,11.15,12.52,566.8,3.667
1695189600.0,5.98,2.7,10.84,1.88,-1.36,-0.99,-3.61,-7.78,-39.41,10.35,13.43,546.1,3.667
1695211200.0,3.86,1.92,6.98,2.8,-2.82,0.0,-1.92,-0.02,-32.14,13.54,16.83,516.5,2.333
1695232800.0,2.28,1.05,3.45,2.97,-2.89,-0.36,-1.91,-8.5,-53.08,15.96,19.79,490.8,3.333
1695254400.0,1.52,0.34,4.98,2.23,-0.85,0.43,-0.98,17.88,-28.32,10.82,12.77,460.5,2.667
1695276000.0,4.34,2.37,5.19,2.09,-3.76,0.37,-3.83,4.77,-82.52,6.21,7.43,461.0,2.333
1695297600.0,3.92,2.69,4.64,3.97,-3.79,-2.39,-4.16,-41.4,-86.26,6.49,7.24,450.5,2.0
1695319200.0,3.83,3.2,4.21,1.73,-4.12,-1.8,-3.86,-28.71,-78.31,3.52,4.66,428.5,1.333
1695340800.0,3.76,3.37,4.32,0.57,-3.79,-1.68,-3.54,-25.59,-72.51,3.58,5.13,417.5,2.0
1695362400.0,3.99,3.45,4.58,3.14,-3.64,-3.04,-4.44,-48.75,-87.27,4.72,6.5,419.6,2.333
1695384000.0,4.46,3.38,5.1,3.69,-4.47,-2.5,-4.71,-35.87,-84.59,3.7,5.69,421.0,2.0
1695405600.0,4.78,2.67,5.29,4.91,-2.07,-1.92,-4.66,-22.87,-68.87,4.37,5.59,427.3,1.333
1695427200.0,4.87,4.22,5.47,4.45,-5.09,-2.12,-4.2,-25.24,-65.39,2.14,5.07,427.3,2.667
1695448800.0,5.34,4.12,6.28,2.03,-5.01,-3.82,-5.84,-46.63,-86.17,2.32,3.93,374.9,1.333
1695470400.0,4.71,4.12,5.58,0.04,-4.07,-3.1,-4.74,-41.83,-67.64,2.23,3.46,468.1,2.0
1695492000.0,4.94,4.6,5.48,1.03,-3.32,-2.93,-5.0,-36.7,-78.57,1.88,3.38,466.3,2.0
1695513600.0,4.59,4.36,5.01,1.35,1.02,-3.85,-4.67,-55.92,-72.07,3.16,5.41,467.2,2.333
1695535200.0,5.16,4.29,5.81,1.77,-1.22,-2.87,-5.07,-32.49,-81.66,3.24,7.96,466.6,2.0
1695556800.0,4.9,3.62,7.11,-1.75,-1.26,-0.61,-4.51,-7.24,-41.6,3.57,7.28,464.8,0.667
1695578400.0,15.47,6.28,29.99,14.52,-25.58,-3.84,-22.87,-31.97,-83.72,29.79,52.4,469.0,5.667
1695600000.0,24.05,16.42,26.58,9.2,-23.75,13.75,-17.41,35.79,-74.59,20.08,28.64,498.1,5.667
1695621600.0,32.37,25.95,33.92,0.74,-12.42,19.42,12.65,37.46,25.01,12.89,35.88,498.7,4.0
1695643200.0,21.71,18.06,29.2,-2.33,15.19,7.31,3.05,18.5,8.28,18.84,30.28,464.1,3.333
1695664800.0,17.47,15.24,19.47,-5.74,12.03,3.45,-1.67,12.01,-5.69,8.85,19.25,473.2,2.333
1695686400.0,13.05,11.54,15.69,3.74,5.73,-2.97,-10.8,-12.62,-59.47,5.53,9.02,504.8,3.333
1695708000.0,11.98,6.06,12.35,3.31,-4.89,-10.69,-12.03,-65.97,-85.25,5.55,20.56,486.6,4.667
1695729600.0,2.95,1.38,8.36,2.67,-1.99,-1.43,-4.98,-32.17,-79.33,10.53,12.73,531.1,5.0
1695751200.0,3.24,2.02,4.19,3.19,-3.52,-2.15,-3.24,-42.08,-68.41,9.67,10.81,529.0,3.333
1695772800.0,3.82,1.79,6.65,2.43,-3.24,0.53,-3.64,11.14,-75.61,9.52,14.15,502.1,3.667
1695794400.0,4.24,1.72,5.64,4.31,0.36,0.09,-2.9,1.14,-38.82,9.61,18.88,487.6,3.333
1695816000.0,4.46,2.0,6.44,2.43,-3.13,0.92,-3.49,14.55,-62.06,16.81,25.88,496.9,2.667
1695837600.0,5.01,3.55,5.45,3.81,-3.24,-0.88,-3.71,-9.93,-54.36,6.61,8.5,510.7,2.333
1695859200.0,5.25,4.5,5.69,1.74,-1.24,0.85,-2.87,9.16,-33.12,4.88,7.99,519.8,2.0
1695880800.0,4.54,4.15,5.33,0.75,-2.2,-0.53,-3.07,-6.77,-44.08,5.26,8.05,523.5,0.667
1695902400.0,5.34,4.76,5.9,-1.53,-1.65,-0.74,-4.58,-8.05,-53.05,5.02,7.95,505.2,0.667
1695924000.0,6.45,5.14,7.87,2.81,0.04,-0.33,-4.17,-3.12,-32.22,5.27,8.39,508.9,0.0
1695945600.0,7.86,7.18,8.24,5.73,-0.14,-4.99,-6.74,-39.42,-56.95,4.1,6.54,463.4,2.0
1695967200.0,7.85,7.01,8.45,5.5,-1.66,-6.26,-7.79,-50.92,-76.87,5.54,8.72,513.1,3.667
1695988800.0,7.16,6.67,7.71,-0.55,-4.49,5.35,2.65,47.4,21.56,8.65,10.19,483.1,2.667
1696010400.0,6.66,6.13,7.06,-2.37,-3.49,0.2,-5.32,1.73,-59.79,7.17,9.27,476.2,0.667
1696032000.0,5.77,4.97,6.27,-0.68,-2.52,-1.72,-5.34,-17.86,-77.3,5.5,7.32,467.6,1.667
1696053600.0,5.08,4.6,5.67,-1.32,-0.35,-2.16,-4.56,-25.03,-68.7,4.37,6.31,531.8,2.667
1696075200.0,5.01,4.0,5.63,5.21,-1.84,-3.85,-4.67,-51.2,-81.25,4.88,7.58,459.5,2.0
1696096800.0,5.39,2.36,5.66,2.61,-3.92,-4.82,-5.53,-65.95,-85.52,4.37,6.11,430.4,2.333
1696118400.0,4.61,2.85,5.42,0.37,-3.44,-0.78,-4.95,-9.85,-71.08,3.58,5.75,424.8,3.667
1696140000.0,5.32,4.36,6.07,-0.08,-4.24,-1.5,-5.5,-18.4,-75.99,4.0,6.11,431.0,2.0
1696161600.0,5.31,4.81,5.81,-1.52,-0.81,2.4,-2.25,26.84,-26.45,3.68,6.03,433.6,1.667
1696183200.0,4.65,4.24,5.44,0.42,-0.54,-2.52,-4.71,-30.79,-83.4,4.26,6.2,433.0,1.667
1696204800.0,5.28,3.99,6.04,0.37,-0.95,-2.47,-5.11,-28.63,-82.91,2.33,6.26,484.7,3.0
1696226400.0,6.06,4.34,6.27,2.35,0.31,-0.72,-5.07,-6.9,-67.0,1.73,5.14,448.3,1.0
1696248000.0,4.48,2.74,5.25,2.54,-3.37,1.61,-4.65,22.02,-66.38,2.38,4.78,410.5,1.667
1696269600.0,3.49,2.06,4.16,1.47,-2.95,1.33,-2.43,21.48,-63.38,1.0,2.43,424.8,1.333
1696291200.0,3.45,2.72,4.61,1.18,-1.15,0.72,-3.47,9.96,-82.8,0.78,6.44,478.5,1.0
1696312800.0,7.26,7.07,7.49,-1.65,0.34,-6.24,-6.93,-58.85,-76.31,3.49,4.68,360.6,1.333
1696334400.0,7.41,5.23,7.99,1.89,-4.5,-1.68,-6.2,-13.55,-67.63,4.84,9.92,354.2,2.0
1696356000.0,7.72,6.74,8.6,-3.91,-3.11,-1.55,-3.4,-11.5,-29.79,4.13,6.16,469.3,2.0
1696377600.0,8.46,7.42,9.51,-0.4,-0.17,-1.11,-5.36,-7.74,-40.53,2.27,4.78,437.3,3.0
1696399200.0,8.0,5.81,8.57,-0.2,-0.77,-3.69,-7.06,-28.54,-68.96,3.05,6.98,477.1,2.333
1696420800.0,7.02,6.13,7.89,3.32,2.8,-0.84,-4.97,-6.99,-49.32,2.91,6.55,475.3,1.667
1696442400.0,7.89,5.31,8.92,0.81,-2.67,-1.99,-7.2,-16.32,-69.37,5.97,7.44,430.6,2.0
