datetime,Kp,status
01-01-2023 00:00,2.333,def
01-01-2023 03:00,3,def
01-01-2023 06:00,2,def
01-01-2023 09:00,2.667,def
01-01-2023 12:00,1.667,def
01-01-2023 15:00,2.667,def
01-01-2023 18:00,3.667,def
01-01-2023 21:00,4,def
02-01-2023 00:00,2,def
02-01-2023 03:00,2,def
02-01-2023 06:00,1,def
02-01-2023 09:00,1.667,def
02-01-2023 12:00,1.333,def
02-01-2023 15:00,1.333,def
02-01-2023 18:00,2,def
02-01-2023 21:00,3,def
03-01-2023 00:00,1.333,def
03-01-2023 03:00,0.333,def
03-01-2023 06:00,0.667,def
03-01-2023 09:00,0.333,def
03-01-2023 12:00,1,def
03-01-2023 15:00,2,def
03-01-2023 18:00,2.333,def
03-01-2023 21:00,2.667,def
04-01-2023 00:00,4,def
04-01-2023 03:00,4.667,def
04-01-2023 06:00,4.333,def
04-01-2023 09:00,3.333,def
04-01-2023 12:00,3.333,def
04-01-2023 15:00,2,def
04-01-2023 18:00,1.667,def
04-01-2023 21:00,0.667,def
05-01-2023 00:00,0.333,def
05-01-2023 03:00,0.667,def
05-01-2023 06:00,1,def
05-01-2023 09:00,1.333,def
05-01-2023 12:00,2.667,def
05-01-2023 15:00,3,def
05-01-2023 18:00,2.667,def
05-01-2023 21:00,2.667,def
06-01-2023 00:00,1,def
06-01-2023 03:00,0.333,def
06-01-2023 06:00,0.333,def
06-01-2023 09:00,0.667,def
06-01-2023 12:00,1,def
06-01-2023 15:00,0.333,def
06-01-2023 18:00,1.333,def
06-01-2023 21:00,1.333,def
07-01-2023 00:00,1,def
07-01-2023 03:00,2.333,def
07-01-2023 06:00,1,def
07-01-2023 09:00,0.333,def
07-01-2023 12:00,0.333,def
07-01-2023 15:00,2.667,def
07-01-2023 18:00,2.333,def
07-01-2023 21:00,0.333,def
08-01-2023 00:00,2,def
08-01-2023 03:00,2.333,def
08-01-2023 06:00,2,def
08-01-2023 09:00,1.667,def
08-01-2023 12:00,3,def
08-01-2023 15:00,1.333,def
08-01-2023 18:00,1,def
08-01-2023 21:00,0.667,def
09-01-2023 00:00,1.667,def
09-01-2023 03:00,0.333,def
09-01-2023 06:00,0.333,def
09-01-2023 09:00,1,def
09-01-2023 12:00,0.667,def
09-01-2023 15:00,1.667,def
09-01-2023 18:00,2,def
09-01-2023 21:00,1.333,def
10-01-2023 00:00,0.667,def
10-01-2023 03:00,0.667,def
10-01-2023 06:00,0.667,def
10-01-2023 09:00,0.667,def
10-01-2023 12:00,2,def
10-01-2023 15:00,3,def
10-01-2023 18:00,1.667,def
10-01-2023 21:00,2,def
11-01-2023 00:00,1.667,def
11-01-2023 03:00,2.667,def
11-01-2023 06:00,1.667,def
11-01-2023 09:00,1.667,def
11-01-2023 12:00,1,def
11-01-2023 15:00,2,def
11-01-2023 18:00,2.333,def
11-01-2023 21:00,2.333,def
12-01-2023 00:00,3,def
12-01-2023 03:00,2,def
12-01-2023 06:00,2,def
12-01-2023 09:00,1.667,def
12-01-2023 12:00,2,def
12-01-2023 15:00,2,def
12-01-2023 18:00,1.667,def
12-01-2023 21:00,3,def
13-01-2023 00:00,2.333,def
13-01-2023 03:00,1.667,def
13-01-2023 06:00,2,def
13-01-2023 09:00,2.333,def
13-01-2023 12:00,2.333,def
13-01-2023 15:00,1.667,def
13-01-2023 18:00,3.333,def
13-01-2023 21:00,4,def
14-01-2023 00:00,3,def
14-01-2023 03:00,3.333,def
14-01-2023 06:00,2.333,def
14-01-2023 09:00,1.667,def
14-01-2023 12:00,0.667,def
14-01-2023 15:00,1,def
14-01-2023 18:00,1.667,def
14-01-2023 21:00,2.667,def
15-01-2023 00:00,4.667,def
15-01-2023 03:00,3.667,def
15-01-2023 06:00,3.667,def
15-01-2023 09:00,3.667,def
15-01-2023 12:00,3.667,def
15-01-2023 15:00,3.667,def
15-01-2023 18:00,4,def
15-01-2023 21:00,5,def
16-01-2023 00:00,4,def
16-01-2023 03:00,1.667,def
16-01-2023 06:00,3,def
16-01-2023 09:00,3,def
16-01-2023 12:00,3.333,def
16-01-2023 15:00,3.333,def
16-01-2023 18:00,1.667,def
16-01-2023 21:00,0.667,def
17-01-2023 00:00,0,def
17-01-2023 03:00,1.667,def
17-01-2023 06:00,1.667,def
17-01-2023 09:00,1,def
17-01-2023 12:00,1,def
17-01-2023 15:00,0.333,def
17-01-2023 18:00,0,def
17-01-2023 21:00,3.333,def
18-01-2023 00:00,4,def
18-01-2023 03:00,4,def
18-01-2023 06:00,3.333,def
18-01-2023 09:00,2.667,def
18-01-2023 12:00,2.667,def
18-01-2023 15:00,2.333,def
18-01-2023 18:00,1.667,def
18-01-2023 21:00,0.667,def
19-01-2023 00:00,0,def
19-01-2023 03:00,1,def
19-01-2023 06:00,2.667,def
19-01-2023 09:00,2.667,def
19-01-2023 12:00,2.333,def
19-01-2023 15:00,0.333,def
19-01-2023 18:00,0.667,def
19-01-2023 21:00,1.333,def
20-01-2023 00:00,1,def
20-01-2023 03:00,1,def
20-01-2023 06:00,0,def
20-01-2023 09:00,1.333,def
20-01-2023 12:00,1.667,def
20-01-2023 15:00,2.667,def
20-01-2023 18:00,1.333,def
20-01-2023 21:00,1.333,def
21-01-2023 00:00,2.333,def
21-01-2023 03:00,4,def
21-01-2023 06:00,4,def
21-01-2023 09:00,1.667,def
21-01-2023 12:00,2.333,def
21-01-2023 15:00,3,def
21-01-2023 18:00,3.333,def
21-01-2023 21:00,2.667,def
22-01-2023 00:00,2,def
22-01-2023 03:00,1.333,def
22-01-2023 06:00,2.333,def
22-01-2023 09:00,2,def
22-01-2023 12:00,2,def
22-01-2023 15:00,2.333,def
22-01-2023 18:00,3.333,def
22-01-2023 21:00,1.667,def
23-01-2023 00:00,0.333,def
23-01-2023 03:00,1.667,def
23-01-2023 06:00,1,def
23-01-2023 09:00,0.667,def
23-01-2023 12:00,3,def
23-01-2023 15:00,2,def
23-01-2023 18:00,1.333,def
23-01-2023 21:00,2.333,def
24-01-2023 00:00,1,def
24-01-2023 03:00,0.333,def
24-01-2023 06:00,0.667,def
24-01-2023 09:00,1.333,def
24-01-2023 12:00,1.333,def
24-01-2023 15:00,1,def
24-01-2023 18:00,0.667,def
24-01-2023 21:00,0.333,def
25-01-2023 00:00,0,def
25-01-2023 03:00,0,def
25-01-2023 06:00,0.333,def
25-01-2023 09:00,2,def
25-01-2023 12:00,3,def
25-01-2023 15:00,2.333,def
25-01-2023 18:00,1.667,def
25-01-2023 21:00,1.333,def
26-01-2023 00:00,1,def
26-01-2023 03:00,2.667,def
26-01-2023 06:00,2.667,def
26-01-2023 09:00,2.333,def
26-01-2023 12:00,2.667,def
26-01-2023 15:00,2.667,def
26-01-2023 18:00,2.667,def
26-01-2023 21:00,1,def
27-01-2023 00:00,0.667,def
27-01-2023 03:00,0.333,def
27-01-2023 06:00,1.667,def
27-01-2023 09:00,2.333,def
27-01-2023 12:00,2.667,def
27-01-2023 15:00,3.333,def
27-01-2023 18:00,1.667,def
27-01-2023 21:00,2.333,def
28-01-2023 00:00,3,def
28-01-2023 03:00,2.667,def
28-01-2023 06:00,2,def
28-01-2023 09:00,1,def
28-01-2023 12:00,2.667,def
28-01-2023 15:00,2.333,def
28-01-2023 18:00,2.667,def
28-01-2023 21:00,1.333,def
29-01-2023 00:00,0,def
29-01-2023 03:00,0.333,def
29-01-2023 06:00,2,def
29-01-2023 09:00,1,def
29-01-2023 12:00,1,def
29-01-2023 15:00,2,def
29-01-2023 18:00,0.667,def
29-01-2023 21:00,1.667,def
30-01-2023 00:00,1,def
30-01-2023 03:00,0.333,def
30-01-2023 06:00,0.667,def
30-01-2023 09:00,1,def
30-01-2023 12:00,0.667,def
30-01-2023 15:00,0.667,def
30-01-2023 18:00,1,def
30-01-2023 21:00,2.667,def
31-01-2023 00:00,0,def
31-01-2023 03:00,2,def
31-01-2023 06:00,2.667,def
31-01-2023 09:00,2,def
31-01-2023 12:00,1,def
31-01-2023 15:00,3.333,def
31-01-2023 18:00,2.333,def
31-01-2023 21:00,1.667,def
01-02-2023 00:00,1,def
01-02-2023 03:00,0.667,def
01-02-2023 06:00,0.333,def
01-02-2023 09:00,0.333,def
01-02-2023 12:00,1,def
01-02-2023 15:00,1.333,def
01-02-2023 18:00,2.667,def
01-02-2023 21:00,2.333,def
02-02-2023 00:00,3.333,def
02-02-2023 03:00,1.667,def
02-02-2023 06:00,0.333,def
02-02-2023 09:00,0.667,def
02-02-2023 12:00,0.333,def
02-02-2023 15:00,0,def
02-02-2023 18:00,0.333,def
02-02-2023 21:00,0.667,def
03-02-2023 00:00,2,def
03-02-2023 03:00,1.667,def
03-02-2023 06:00,0.333,def
03-02-2023 09:00,0.333,def
03-02-2023 12:00,1.667,def
03-02-2023 15:00,3,def
03-02-2023 18:00,2.667,def
03-02-2023 21:00,1.667,def
04-02-2023 00:00,2.667,def
04-02-2023 03:00,2.667,def
04-02-2023 06:00,0.667,def
04-02-2023 09:00,0.333,def
04-02-2023 12:00,1,def
04-02-2023 15:00,0.667,def
04-02-2023 18:00,0,def
04-02-2023 21:00,1,def
05-02-2023 00:00,0.333,def
05-02-2023 03:00,2,def
05-02-2023 06:00,0.333,def
05-02-2023 09:00,1,def
05-02-2023 12:00,1,def
05-02-2023 15:00,1.333,def
05-02-2023 18:00,1.667,def
05-02-2023 21:00,1.333,def
06-02-2023 00:00,3,def
06-02-2023 03:00,3.333,def
06-02-2023 06:00,2.667,def
06-02-2023 09:00,3.333,def
06-02-2023 12:00,2.667,def
06-02-2023 15:00,2.333,def
06-02-2023 18:00,3.667,def
06-02-2023 21:00,3.667,def
07-02-2023 00:00,4,def
07-02-2023 03:00,4,def
07-02-2023 06:00,3.333,def
07-02-2023 09:00,3.667,def
07-02-2023 12:00,3,def
07-02-2023 15:00,3,def
07-02-2023 18:00,2.667,def
07-02-2023 21:00,2.667,def
08-02-2023 00:00,3,def
08-02-2023 03:00,3.333,def
08-02-2023 06:00,3,def
08-02-2023 09:00,4,def
08-02-2023 12:00,3.333,def
08-02-2023 15:00,2.667,def
08-02-2023 18:00,3.333,def
08-02-2023 21:00,3,def
09-02-2023 00:00,3,def
09-02-2023 03:00,4,def
09-02-2023 06:00,2.667,def
09-02-2023 09:00,3,def
09-02-2023 12:00,2.333,def
09-02-2023 15:00,3.333,def
09-02-2023 18:00,3.333,def
09-02-2023 21:00,4.333,def
10-02-2023 00:00,4,def
10-02-2023 03:00,2.667,def
10-02-2023 06:00,2.333,def
10-02-2023 09:00,2.667,def
10-02-2023 12:00,3,def
10-02-2023 15:00,2,def
10-02-2023 18:00,3.333,def
10-02-2023 21:00,3.667,def
11-02-2023 00:00,3.333,def
11-02-2023 03:00,3,def
11-02-2023 06:00,2,def
11-02-2023 09:00,2.333,def
11-02-2023 12:00,2.333,def
11-02-2023 15:00,1,def
11-02-2023 18:00,1,def
11-02-2023 21:00,0.333,def
12-02-2023 00:00,1.667,def
12-02-2023 03:00,2,def
12-02-2023 06:00,1.667,def
12-02-2023 09:00,2,def
12-02-2023 12:00,1.667,def
12-02-2023 15:00,1.667,def
12-02-2023 18:00,2.333,def
12-02-2023 21:00,2,def
13-02-2023 00:00,0.667,def
13-02-2023 03:00,0,def
13-02-2023 06:00,0.667,def
13-02-2023 09:00,0.667,def
13-02-2023 12:00,2,def
13-02-2023 15:00,1,def
13-02-2023 18:00,1.333,def
13-02-2023 21:00,1,def
14-02-2023 00:00,2,def
14-02-2023 03:00,0.333,def
14-02-2023 06:00,2.333,def
14-02-2023 09:00,2,def
14-02-2023 12:00,1,def
14-02-2023 15:00,1.333,def
14-02-2023 18:00,0.667,def
14-02-2023 21:00,2.333,def
15-02-2023 00:00,2.667,def
15-02-2023 03:00,3.667,def
15-02-2023 06:00,5.333,def
15-02-2023 09:00,4.333,def
15-02-2023 12:00,3.333,def
15-02-2023 15:00,4,def
15-02-2023 18:00,3.333,def
15-02-2023 21:00,4.333,def
16-02-2023 00:00,3,def
16-02-2023 03:00,2.667,def
16-02-2023 06:00,5,def
16-02-2023 09:00,4.333,def
16-02-2023 12:00,4.333,def
16-02-2023 15:00,4.333,def
16-02-2023 18:00,1.333,def
16-02-2023 21:00,1.333,def
17-02-2023 00:00,1.667,def
17-02-2023 03:00,3,def
17-02-2023 06:00,2,def
17-02-2023 09:00,1.333,def
17-02-2023 12:00,1.333,def
17-02-2023 15:00,0.667,def
17-02-2023 18:00,1,def
17-02-2023 21:00,0,def
18-02-2023 00:00,1,def
18-02-2023 03:00,2,def
18-02-2023 06:00,0.667,def
18-02-2023 09:00,1.333,def
18-02-2023 12:00,2,def
18-02-2023 15:00,0.667,def
18-02-2023 18:00,2.333,def
18-02-2023 21:00,2,def
19-02-2023 00:00,2.667,def
19-02-2023 03:00,0.667,def
19-02-2023 06:00,1.333,def
19-02-2023 09:00,1,def
19-02-2023 12:00,2,def
19-02-2023 15:00,1.333,def
19-02-2023 18:00,1.333,def
19-02-2023 21:00,1.333,def
20-02-2023 00:00,0.667,def
20-02-2023 03:00,0.333,def
20-02-2023 06:00,1.667,def
20-02-2023 09:00,3,def
20-02-2023 12:00,2.333,def
20-02-2023 15:00,1.667,def
20-02-2023 18:00,2.333,def
20-02-2023 21:00,1.667,def
21-02-2023 00:00,3,def
21-02-2023 03:00,3.333,def
21-02-2023 06:00,3.333,def
21-02-2023 09:00,4,def
21-02-2023 12:00,3.667,def
21-02-2023 15:00,1.667,def
21-02-2023 18:00,1,def
21-02-2023 21:00,1.333,def
22-02-2023 00:00,1.333,def
22-02-2023 03:00,0.333,def
22-02-2023 06:00,1.333,def
22-02-2023 09:00,1.667,def
22-02-2023 12:00,2,def
22-02-2023 15:00,2,def
22-02-2023 18:00,2,def
22-02-2023 21:00,2.333,def
23-02-2023 00:00,4.333,def
23-02-2023 03:00,3.667,def
23-02-2023 06:00,3,def
23-02-2023 09:00,2.667,def
23-02-2023 12:00,2.667,def
23-02-2023 15:00,4,def
23-02-2023 18:00,3.333,def
23-02-2023 21:00,3.667,def
24-02-2023 00:00,2.333,def
24-02-2023 03:00,1,def
24-02-2023 06:00,2,def
24-02-2023 09:00,1.333,def
24-02-2023 12:00,1.667,def
24-02-2023 15:00,0.667,def
24-02-2023 18:00,0,def
24-02-2023 21:00,0.333,def
25-02-2023 00:00,0.667,def
25-02-2023 03:00,0.333,def
25-02-2023 06:00,1.667,def
25-02-2023 09:00,2,def
25-02-2023 12:00,2,def
25-02-2023 15:00,3.333,def
25-02-2023 18:00,3,def
25-02-2023 21:00,3.333,def
26-02-2023 00:00,3.333,def
26-02-2023 03:00,2.333,def
26-02-2023 06:00,3,def
26-02-2023 09:00,3.333,def
26-02-2023 12:00,3,def
26-02-2023 15:00,1.667,def
26-02-2023 18:00,5,def
26-02-2023 21:00,5.667,def
27-02-2023 00:00,5,def
27-02-2023 03:00,6,def
27-02-2023 06:00,6.667,def
27-02-2023 09:00,6.667,def
27-02-2023 12:00,6.333,def
27-02-2023 15:00,6.667,def
27-02-2023 18:00,6.333,def
27-02-2023 21:00,6,def
28-02-2023 00:00,5.667,def
28-02-2023 03:00,4.667,def
28-02-2023 06:00,3,def
28-02-2023 09:00,3,def
28-02-2023 12:00,1.667,def
28-02-2023 15:00,1.333,def
28-02-2023 18:00,4,def
28-02-2023 21:00,4.333,def
01-03-2023 00:00,3,def
01-03-2023 03:00,1,def
01-03-2023 06:00,1.333,def
01-03-2023 09:00,2.667,def
01-03-2023 12:00,0.667,def
01-03-2023 15:00,1.333,def
01-03-2023 18:00,2,def
01-03-2023 21:00,2,def
02-03-2023 00:00,0.667,def
02-03-2023 03:00,1.333,def
02-03-2023 06:00,2,def
02-03-2023 09:00,2,def
02-03-2023 12:00,1.333,def
02-03-2023 15:00,1.667,def
02-03-2023 18:00,2.667,def
02-03-2023 21:00,3.667,def
03-03-2023 00:00,3.667,def
03-03-2023 03:00,3.667,def
03-03-2023 06:00,3.333,def
03-03-2023 09:00,3.333,def
03-03-2023 12:00,3.333,def
03-03-2023 15:00,2,def
03-03-2023 18:00,4,def
03-03-2023 21:00,4,def
04-03-2023 00:00,3.333,def
04-03-2023 03:00,3,def
04-03-2023 06:00,3,def
04-03-2023 09:00,3.333,def
04-03-2023 12:00,2,def
04-03-2023 15:00,2.667,def
04-03-2023 18:00,3.333,def
04-03-2023 21:00,4,def
05-03-2023 00:00,3.333,def
05-03-2023 03:00,3.333,def
05-03-2023 06:00,3.667,def
05-03-2023 09:00,2.667,def
05-03-2023 12:00,4,def
05-03-2023 15:00,3.333,def
05-03-2023 18:00,4.333,def
05-03-2023 21:00,3.667,def
06-03-2023 00:00,3.667,def
06-03-2023 03:00,3,def
06-03-2023 06:00,2.667,def
06-03-2023 09:00,2,def
06-03-2023 12:00,2.667,def
06-03-2023 15:00,3,def
06-03-2023 18:00,2.667,def
06-03-2023 21:00,3.667,def
07-03-2023 00:00,2.333,def
07-03-2023 03:00,3,def
07-03-2023 06:00,3,def
07-03-2023 09:00,2.667,def
07-03-2023 12:00,2,def
07-03-2023 15:00,1,def
07-03-2023 18:00,1,def
07-03-2023 21:00,0.667,def
08-03-2023 00:00,0.333,def
08-03-2023 03:00,1.667,def
08-03-2023 06:00,2,def
08-03-2023 09:00,1.667,def
08-03-2023 12:00,1.333,def
08-03-2023 15:00,1.333,def
08-03-2023 18:00,3,def
08-03-2023 21:00,2.333,def
09-03-2023 00:00,2,def
09-03-2023 03:00,3,def
09-03-2023 06:00,4,def
09-03-2023 09:00,3.333,def
09-03-2023 12:00,3,def
09-03-2023 15:00,3,def
09-03-2023 18:00,2.333,def
09-03-2023 21:00,2,def
10-03-2023 00:00,3.333,def
10-03-2023 03:00,1.667,def
10-03-2023 06:00,1.667,def
10-03-2023 09:00,0.333,def
10-03-2023 12:00,1,def
10-03-2023 15:00,3,def
10-03-2023 18:00,2.333,def
10-03-2023 21:00,2.667,def
11-03-2023 00:00,2.667,def
11-03-2023 03:00,1.667,def
11-03-2023 06:00,1.333,def
11-03-2023 09:00,0.333,def
11-03-2023 12:00,1,def
11-03-2023 15:00,0.667,def
11-03-2023 18:00,1.333,def
11-03-2023 21:00,2.667,def
12-03-2023 00:00,3,def
12-03-2023 03:00,2,def
12-03-2023 06:00,3,def
12-03-2023 09:00,2.333,def
12-03-2023 12:00,0.667,def
12-03-2023 15:00,0.333,def
12-03-2023 18:00,0.667,def
12-03-2023 21:00,0.667,def
13-03-2023 00:00,0.333,def
13-03-2023 03:00,0,def
13-03-2023 06:00,0.333,def
13-03-2023 09:00,0.333,def
13-03-2023 12:00,0.667,def
13-03-2023 15:00,1.333,def
13-03-2023 18:00,0.667,def
13-03-2023 21:00,0.333,def
14-03-2023 00:00,2.667,def
14-03-2023 03:00,3.667,def
14-03-2023 06:00,3.333,def
14-03-2023 09:00,3.333,def
14-03-2023 12:00,3.333,def
14-03-2023 15:00,3,def
14-03-2023 18:00,2.667,def
14-03-2023 21:00,4.333,def
15-03-2023 00:00,3.667,def
15-03-2023 03:00,5.667,def
15-03-2023 06:00,4,def
15-03-2023 09:00,4,def
15-03-2023 12:00,3,def
15-03-2023 15:00,2,def
15-03-2023 18:00,2,def
15-03-2023 21:00,5.667,def
16-03-2023 00:00,3.667,def
16-03-2023 03:00,2.333,def
16-03-2023 06:00,0.667,def
16-03-2023 09:00,1,def
16-03-2023 12:00,0,def
16-03-2023 15:00,0.333,def
16-03-2023 18:00,0.667,def
16-03-2023 21:00,0.333,def
17-03-2023 00:00,0.333,def
17-03-2023 03:00,1.333,def
17-03-2023 06:00,1.667,def
17-03-2023 09:00,2.333,def
17-03-2023 12:00,2.333,def
17-03-2023 15:00,0.667,def
17-03-2023 18:00,0.333,def
17-03-2023 21:00,2,def
18-03-2023 00:00,2,def
18-03-2023 03:00,2.667,def
18-03-2023 06:00,2,def
18-03-2023 09:00,2.333,def
18-03-2023 12:00,2.333,def
18-03-2023 15:00,1.333,def
18-03-2023 18:00,2.333,def
18-03-2023 21:00,1.333,def
19-03-2023 00:00,1.667,def
19-03-2023 03:00,2.667,def
19-03-2023 06:00,2,def
19-03-2023 09:00,1.333,def
19-03-2023 12:00,1.667,def
19-03-2023 15:00,2.333,def
19-03-2023 18:00,3.333,def
19-03-2023 21:00,1.667,def
20-03-2023 00:00,3,def
20-03-2023 03:00,0.333,def
20-03-2023 06:00,0.333,def
20-03-2023 09:00,2,def
20-03-2023 12:00,3.667,def
20-03-2023 15:00,4,def
20-03-2023 18:00,1.333,def
20-03-2023 21:00,2.333,def
21-03-2023 00:00,2.333,def
21-03-2023 03:00,1,def
21-03-2023 06:00,1.667,def
21-03-2023 09:00,2,def
21-03-2023 12:00,1,def
21-03-2023 15:00,2.333,def
21-03-2023 18:00,1.333,def
21-03-2023 21:00,2,def
22-03-2023 00:00,3.667,def
22-03-2023 03:00,3.667,def
22-03-2023 06:00,3,def
22-03-2023 09:00,3.333,def
22-03-2023 12:00,2.333,def
22-03-2023 15:00,3,def
22-03-2023 18:00,3.333,def
22-03-2023 21:00,0.333,def
23-03-2023 00:00,0.667,def
23-03-2023 03:00,1.667,def
23-03-2023 06:00,3,def
23-03-2023 09:00,4.667,def
23-03-2023 12:00,6.667,def
23-03-2023 15:00,4.667,def
23-03-2023 18:00,6.333,def
23-03-2023 21:00,7,def
24-03-2023 00:00,7.333,def
24-03-2023 03:00,8,def
24-03-2023 06:00,6.333,def
24-03-2023 09:00,4,def
24-03-2023 12:00,2.333,def
24-03-2023 15:00,3.667,def
24-03-2023 18:00,4.667,def
24-03-2023 21:00,4.333,def
25-03-2023 00:00,3,def
25-03-2023 03:00,2,def
25-03-2023 06:00,3.667,def
25-03-2023 09:00,3.667,def
25-03-2023 12:00,2.667,def
25-03-2023 15:00,2.333,def
25-03-2023 18:00,2.667,def
25-03-2023 21:00,2.333,def
26-03-2023 00:00,2.667,def
26-03-2023 03:00,2.667,def
26-03-2023 06:00,1.667,def
26-03-2023 09:00,0.667,def
26-03-2023 12:00,0.667,def
26-03-2023 15:00,1,def
26-03-2023 18:00,2.667,def
26-03-2023 21:00,1.667,def
27-03-2023 00:00,0.333,def
27-03-2023 03:00,0.333,def
27-03-2023 06:00,0.333,def
27-03-2023 09:00,0.333,def
27-03-2023 12:00,0.333,def
27-03-2023 15:00,0.667,def
27-03-2023 18:00,1,def
27-03-2023 21:00,1,def
28-03-2023 00:00,1.333,def
28-03-2023 03:00,0.333,def
28-03-2023 06:00,0.333,def
28-03-2023 09:00,0.667,def
28-03-2023 12:00,1.667,def
28-03-2023 15:00,1,def
28-03-2023 18:00,0.667,def
28-03-2023 21:00,1,def
29-03-2023 00:00,2,def
29-03-2023 03:00,0.667,def
29-03-2023 06:00,0.667,def
29-03-2023 09:00,0.667,def
29-03-2023 12:00,1.667,def
29-03-2023 15:00,1.333,def
29-03-2023 18:00,1.333,def
29-03-2023 21:00,1.667,def
30-03-2023 00:00,3,def
30-03-2023 03:00,2.333,def
30-03-2023 06:00,2.333,def
30-03-2023 09:00,3,def
30-03-2023 12:00,2.667,def
30-03-2023 15:00,3.667,def
30-03-2023 18:00,5,def
30-03-2023 21:00,2.667,def
31-03-2023 00:00,4,def
31-03-2023 03:00,4.333,def
31-03-2023 06:00,3.333,def
31-03-2023 09:00,3.333,def
31-03-2023 12:00,2.333,def
31-03-2023 15:00,2.333,def
31-03-2023 18:00,3,def
31-03-2023 21:00,4,def
01-04-2023 00:00,2,def
01-04-2023 03:00,1,def
01-04-2023 06:00,1.667,def
01-04-2023 09:00,3.333,def
01-04-2023 12:00,3.333,def
01-04-2023 15:00,3.667,def
01-04-2023 18:00,2.667,def
01-04-2023 21:00,3.667,def
02-04-2023 00:00,3.667,def
02-04-2023 03:00,3.667,def
02-04-2023 06:00,2.667,def
02-04-2023 09:00,3.333,def
02-04-2023 12:00,2.333,def
02-04-2023 15:00,0.667,def
02-04-2023 18:00,2,def
02-04-2023 21:00,3.333,def
03-04-2023 00:00,3.333,def
03-04-2023 03:00,1.333,def
03-04-2023 06:00,1.333,def
03-04-2023 09:00,1.667,def
03-04-2023 12:00,2.667,def
03-04-2023 15:00,3,def
03-04-2023 18:00,3.667,def
03-04-2023 21:00,3,def
04-04-2023 00:00,3.667,def
04-04-2023 03:00,3.667,def
04-04-2023 06:00,2.333,def
04-04-2023 09:00,2.333,def
04-04-2023 12:00,2,def
04-04-2023 15:00,1.333,def
04-04-2023 18:00,2.667,def
04-04-2023 21:00,3,def
05-04-2023 00:00,3,def
05-04-2023 03:00,2,def
05-04-2023 06:00,1.667,def
05-04-2023 09:00,2,def
05-04-2023 12:00,3,def
05-04-2023 15:00,3.333,def
05-04-2023 18:00,2.667,def
05-04-2023 21:00,2,def
06-04-2023 00:00,1.333,def
06-04-2023 03:00,1.333,def
06-04-2023 06:00,1,def
06-04-2023 09:00,2.333,def
06-04-2023 12:00,2,def
06-04-2023 15:00,1,def
06-04-2023 18:00,3,def
06-04-2023 21:00,2,def
07-04-2023 00:00,3,def
07-04-2023 03:00,2.667,def
07-04-2023 06:00,1.667,def
07-04-2023 09:00,1.667,def
07-04-2023 12:00,1.667,def
07-04-2023 15:00,1,def
07-04-2023 18:00,1.333,def
07-04-2023 21:00,2,def
08-04-2023 00:00,1,def
08-04-2023 03:00,2,def
08-04-2023 06:00,1.667,def
08-04-2023 09:00,1,def
08-04-2023 12:00,0.667,def
08-04-2023 15:00,1.333,def
08-04-2023 18:00,0.333,def
08-04-2023 21:00,2,def
09-04-2023 00:00,3,def
09-04-2023 03:00,1,def
09-04-2023 06:00,0.667,def
09-04-2023 09:00,1,def
09-04-2023 12:00,1,def
09-04-2023 15:00,1.333,def
09-04-2023 18:00,1.333,def
09-04-2023 21:00,2,def
10-04-2023 00:00,2.667,def
10-04-2023 03:00,3.333,def
10-04-2023 06:00,3.333,def
10-04-2023 09:00,3,def
10-04-2023 12:00,2.667,def
10-04-2023 15:00,2.667,def
10-04-2023 18:00,1.333,def
10-04-2023 21:00,1.333,def
11-04-2023 00:00,0.333,def
11-04-2023 03:00,1,def
11-04-2023 06:00,2.333,def
11-04-2023 09:00,0.667,def
11-04-2023 12:00,1,def
11-04-2023 15:00,1.333,def
11-04-2023 18:00,1.667,def
11-04-2023 21:00,0.333,def
12-04-2023 00:00,0,def
12-04-2023 03:00,0,def
12-04-2023 06:00,1,def
12-04-2023 09:00,0.333,def
12-04-2023 12:00,1.333,def
12-04-2023 15:00,1,def
12-04-2023 18:00,0.333,def
12-04-2023 21:00,1,def
13-04-2023 00:00,2.333,def
13-04-2023 03:00,1.667,def
13-04-2023 06:00,0.333,def
13-04-2023 09:00,0.333,def
13-04-2023 12:00,0.667,def
13-04-2023 15:00,2,def
13-04-2023 18:00,1.667,def
13-04-2023 21:00,2,def
14-04-2023 00:00,1.333,def
14-04-2023 03:00,0,def
14-04-2023 06:00,1.333,def
14-04-2023 09:00,2,def
14-04-2023 12:00,2.333,def
14-04-2023 15:00,2,def
14-04-2023 18:00,0.667,def
14-04-2023 21:00,2,def
15-04-2023 00:00,2.333,def
15-04-2023 03:00,1.333,def
15-04-2023 06:00,2.333,def
15-04-2023 09:00,1.667,def
15-04-2023 12:00,2,def
15-04-2023 15:00,1.667,def
15-04-2023 18:00,1.333,def
15-04-2023 21:00,2,def
16-04-2023 00:00,0.667,def
16-04-2023 03:00,0.667,def
16-04-2023 06:00,1.667,def
16-04-2023 09:00,1,def
16-04-2023 12:00,1,def
16-04-2023 15:00,0.333,def
16-04-2023 18:00,1,def
16-04-2023 21:00,1,def
17-04-2023 00:00,1.333,def
17-04-2023 03:00,1,def
17-04-2023 06:00,1.333,def
17-04-2023 09:00,1.333,def
17-04-2023 12:00,1,def
17-04-2023 15:00,1.667,def
17-04-2023 18:00,0.333,def
17-04-2023 21:00,1.333,def
18-04-2023 00:00,0.333,def
18-04-2023 03:00,1,def
18-04-2023 06:00,0.333,def
18-04-2023 09:00,0.333,def
18-04-2023 12:00,3.667,def
18-04-2023 15:00,4.667,def
18-04-2023 18:00,3.667,def
18-04-2023 21:00,2.667,def
19-04-2023 00:00,2.667,def
19-04-2023 03:00,1,def
19-04-2023 06:00,1,def
19-04-2023 09:00,3.333,def
19-04-2023 12:00,3.667,def
19-04-2023 15:00,2.333,def
19-04-2023 18:00,1,def
19-04-2023 21:00,0.667,def
20-04-2023 00:00,0.333,def
20-04-2023 03:00,0.667,def
20-04-2023 06:00,0.667,def
20-04-2023 09:00,0.667,def
20-04-2023 12:00,1.333,def
20-04-2023 15:00,2.333,def
20-04-2023 18:00,1,def
20-04-2023 21:00,1.667,def
21-04-2023 00:00,2,def
21-04-2023 03:00,1.333,def
21-04-2023 06:00,1,def
21-04-2023 09:00,1.667,def
21-04-2023 12:00,1.667,def
21-04-2023 15:00,2.333,def
21-04-2023 18:00,3.333,def
21-04-2023 21:00,3,def
22-04-2023 00:00,2.333,def
22-04-2023 03:00,2.333,def
22-04-2023 06:00,1.333,def
22-04-2023 09:00,0.333,def
22-04-2023 12:00,0.333,def
22-04-2023 15:00,1.667,def
22-04-2023 18:00,1.333,def
22-04-2023 21:00,2.333,def
23-04-2023 00:00,2.333,def
23-04-2023 03:00,1.667,def
23-04-2023 06:00,1.333,def
23-04-2023 09:00,3.333,def
23-04-2023 12:00,4.667,def
23-04-2023 15:00,5.333,def
23-04-2023 18:00,8.333,def
23-04-2023 21:00,7.333,def
24-04-2023 00:00,6.667,def
24-04-2023 03:00,8,def
24-04-2023 06:00,7,def
24-04-2023 09:00,5.667,def
24-04-2023 12:00,3.667,def
24-04-2023 15:00,3,def
24-04-2023 18:00,2.333,def
24-04-2023 21:00,3,def
25-04-2023 00:00,1.333,def
25-04-2023 03:00,0.333,def
25-04-2023 06:00,0.333,def
25-04-2023 09:00,1,def
25-04-2023 12:00,2.667,def
25-04-2023 15:00,2.667,def
25-04-2023 18:00,3.333,def
25-04-2023 21:00,2.333,def
26-04-2023 00:00,2.667,def
26-04-2023 03:00,3.333,def
26-04-2023 06:00,2,def
26-04-2023 09:00,2.333,def
26-04-2023 12:00,3.333,def
26-04-2023 15:00,3,def
26-04-2023 18:00,3.333,def
26-04-2023 21:00,3,def
27-04-2023 00:00,4.333,def
27-04-2023 03:00,4,def
27-04-2023 06:00,3.333,def
27-04-2023 09:00,3.667,def
27-04-2023 12:00,3.333,def
27-04-2023 15:00,3.667,def
27-04-2023 18:00,2.667,def
27-04-2023 21:00,3,def
28-04-2023 00:00,3.333,def
28-04-2023 03:00,4,def
28-04-2023 06:00,2.667,def
28-04-2023 09:00,2.667,def
28-04-2023 12:00,3.333,def
28-04-2023 15:00,4,def
28-04-2023 18:00,3,def
28-04-2023 21:00,3.333,def
29-04-2023 00:00,3.333,def
29-04-2023 03:00,3.333,def
29-04-2023 06:00,3.333,def
29-04-2023 09:00,4,def
29-04-2023 12:00,4,def
29-04-2023 15:00,3.667,def
29-04-2023 18:00,3.333,def
29-04-2023 21:00,2.333,def
30-04-2023 00:00,3,def
30-04-2023 03:00,3,def
30-04-2023 06:00,3,def
30-04-2023 09:00,1.333,def
30-04-2023 12:00,1.667,def
30-04-2023 15:00,1.667,def
30-04-2023 18:00,0.667,def
30-04-2023 21:00,1.333,def
01-05-2023 00:00,2.667,def
01-05-2023 03:00,1.333,def
01-05-2023 06:00,2,def
01-05-2023 09:00,1.333,def
01-05-2023 12:00,1.333,def
01-05-2023 15:00,2.333,def
01-05-2023 18:00,2.667,def
01-05-2023 21:00,3.333,def
02-05-2023 00:00,3.333,def
02-05-2023 03:00,2.667,def
02-05-2023 06:00,1.667,def
02-05-2023 09:00,2.667,def
02-05-2023 12:00,1,def
02-05-2023 15:00,1,def
02-05-2023 18:00,1.667,def
02-05-2023 21:00,0.667,def
03-05-2023 00:00,0,def
03-05-2023 03:00,0,def
03-05-2023 06:00,0.333,def
03-05-2023 09:00,0.333,def
03-05-2023 12:00,1,def
03-05-2023 15:00,1,def
03-05-2023 18:00,0.667,def
03-05-2023 21:00,2,def
04-05-2023 00:00,1.333,def
04-05-2023 03:00,1.333,def
04-05-2023 06:00,1.667,def
04-05-2023 09:00,0.667,def
04-05-2023 12:00,0.667,def
04-05-2023 15:00,2,def
04-05-2023 18:00,1,def
04-05-2023 21:00,2.333,def
05-05-2023 00:00,1.667,def
05-05-2023 03:00,0.667,def
05-05-2023 06:00,0.667,def
05-05-2023 09:00,0.667,def
05-05-2023 12:00,0.333,def
05-05-2023 15:00,0.333,def
05-05-2023 18:00,0.667,def
05-05-2023 21:00,0.667,def
06-05-2023 00:00,4.333,def
06-05-2023 03:00,6,def
06-05-2023 06:00,3.333,def
06-05-2023 09:00,4.667,def
06-05-2023 12:00,4.333,def
06-05-2023 15:00,2.667,def
06-05-2023 18:00,3,def
06-05-2023 21:00,2,def
07-05-2023 00:00,1,def
07-05-2023 03:00,1.667,def
07-05-2023 06:00,2,def
07-05-2023 09:00,1.333,def
07-05-2023 12:00,2.333,def
07-05-2023 15:00,4,def
07-05-2023 18:00,2,def
07-05-2023 21:00,2.667,def
08-05-2023 00:00,4.333,def
08-05-2023 03:00,1.667,def
08-05-2023 06:00,1.333,def
08-05-2023 09:00,1,def
08-05-2023 12:00,3.667,def
08-05-2023 15:00,3.333,def
08-05-2023 18:00,2.333,def
08-05-2023 21:00,3.667,def
09-05-2023 00:00,3.667,def
09-05-2023 03:00,2.667,def
09-05-2023 06:00,1,def
09-05-2023 09:00,1.333,def
09-05-2023 12:00,2.333,def
09-05-2023 15:00,2,def
09-05-2023 18:00,1.667,def
09-05-2023 21:00,4.333,def
10-05-2023 00:00,3.667,def
10-05-2023 03:00,5.333,def
10-05-2023 06:00,2.667,def
10-05-2023 09:00,4,def
10-05-2023 12:00,4.667,def
10-05-2023 15:00,3.333,def
10-05-2023 18:00,2,def
10-05-2023 21:00,2.667,def
11-05-2023 00:00,2.667,def
11-05-2023 03:00,2.667,def
11-05-2023 06:00,2,def
11-05-2023 09:00,1.667,def
11-05-2023 12:00,1.333,def
11-05-2023 15:00,1.667,def
11-05-2023 18:00,2,def
11-05-2023 21:00,2.333,def
12-05-2023 00:00,2.333,def
12-05-2023 03:00,3,def
12-05-2023 06:00,3,def
12-05-2023 09:00,2.333,def
12-05-2023 12:00,5.333,def
12-05-2023 15:00,3.333,def
12-05-2023 18:00,2.667,def
12-05-2023 21:00,2.333,def
13-05-2023 00:00,2.333,def
13-05-2023 03:00,2,def
13-05-2023 06:00,2,def
13-05-2023 09:00,0.667,def
13-05-2023 12:00,1.333,def
13-05-2023 15:00,2.333,def
13-05-2023 18:00,3.667,def
13-05-2023 21:00,4,def
14-05-2023 00:00,0.667,def
14-05-2023 03:00,1.333,def
14-05-2023 06:00,0.667,def
14-05-2023 09:00,1,def
14-05-2023 12:00,2,def
14-05-2023 15:00,3.333,def
14-05-2023 18:00,3,def
14-05-2023 21:00,2.333,def
15-05-2023 00:00,1,def
15-05-2023 03:00,0.333,def
15-05-2023 06:00,0.333,def
15-05-2023 09:00,0.333,def
15-05-2023 12:00,1,def
15-05-2023 15:00,1.333,def
15-05-2023 18:00,2.667,def
15-05-2023 21:00,1.667,def
16-05-2023 00:00,2.333,def
16-05-2023 03:00,2,def
16-05-2023 06:00,2.667,def
16-05-2023 09:00,1,def
16-05-2023 12:00,1.333,def
16-05-2023 15:00,1.333,def
16-05-2023 18:00,1.667,def
16-05-2023 21:00,1.333,def
17-05-2023 00:00,1,def
17-05-2023 03:00,0.667,def
17-05-2023 06:00,0.333,def
17-05-2023 09:00,0.667,def
17-05-2023 12:00,0.667,def
17-05-2023 15:00,0.667,def
17-05-2023 18:00,0.667,def
17-05-2023 21:00,0.333,def
18-05-2023 00:00,0.667,def
18-05-2023 03:00,0.333,def
18-05-2023 06:00,0.333,def
18-05-2023 09:00,0.333,def
18-05-2023 12:00,0.333,def
18-05-2023 15:00,0,def
18-05-2023 18:00,0.333,def
18-05-2023 21:00,0,def
19-05-2023 00:00,0.333,def
19-05-2023 03:00,0.333,def
19-05-2023 06:00,0.333,def
19-05-2023 09:00,0.667,def
19-05-2023 12:00,1,def
19-05-2023 15:00,1.667,def
19-05-2023 18:00,3,def
19-05-2023 21:00,4,def
20-05-2023 00:00,5.667,def
20-05-2023 03:00,5,def
20-05-2023 06:00,4.667,def
20-05-2023 09:00,4.667,def
20-05-2023 12:00,2.667,def
20-05-2023 15:00,3.333,def
20-05-2023 18:00,3,def
20-05-2023 21:00,3.333,def
21-05-2023 00:00,2.667,def
21-05-2023 03:00,2,def
21-05-2023 06:00,1.333,def
21-05-2023 09:00,1.333,def
21-05-2023 12:00,3,def
21-05-2023 15:00,4,def
21-05-2023 18:00,5.667,def
21-05-2023 21:00,5.667,def
22-05-2023 00:00,4.667,def
22-05-2023 03:00,3.333,def
22-05-2023 06:00,2.667,def
22-05-2023 09:00,2.667,def
22-05-2023 12:00,2.333,def
22-05-2023 15:00,3.333,def
22-05-2023 18:00,4,def
22-05-2023 21:00,4,def
23-05-2023 00:00,2.667,def
23-05-2023 03:00,3,def
23-05-2023 06:00,2.667,def
23-05-2023 09:00,2,def
23-05-2023 12:00,0.667,def
23-05-2023 15:00,1,def
23-05-2023 18:00,3.333,def
23-05-2023 21:00,3.667,def
24-05-2023 00:00,2,def
24-05-2023 03:00,2.333,def
24-05-2023 06:00,1.333,def
24-05-2023 09:00,2,def
24-05-2023 12:00,2.667,def
24-05-2023 15:00,2.333,def
24-05-2023 18:00,3,def
24-05-2023 21:00,2.667,def
25-05-2023 00:00,3,def
25-05-2023 03:00,2.667,def
25-05-2023 06:00,3,def
25-05-2023 09:00,2.667,def
25-05-2023 12:00,2,def
25-05-2023 15:00,1.333,def
25-05-2023 18:00,3,def
25-05-2023 21:00,1.667,def
26-05-2023 00:00,1.667,def
26-05-2023 03:00,1.667,def
26-05-2023 06:00,1.333,def
26-05-2023 09:00,1,def
26-05-2023 12:00,1,def
26-05-2023 15:00,1,def
26-05-2023 18:00,1.333,def
26-05-2023 21:00,1.667,def
27-05-2023 00:00,0.667,def
27-05-2023 03:00,1,def
27-05-2023 06:00,0.667,def
27-05-2023 09:00,0.667,def
27-05-2023 12:00,0.333,def
27-05-2023 15:00,0.333,def
27-05-2023 18:00,1,def
27-05-2023 21:00,2,def
28-05-2023 00:00,2.667,def
28-05-2023 03:00,3,def
28-05-2023 06:00,2,def
28-05-2023 09:00,2,def
28-05-2023 12:00,3,def
28-05-2023 15:00,1.333,def
28-05-2023 18:00,1.667,def
28-05-2023 21:00,1.667,def
29-05-2023 00:00,0.667,def
29-05-2023 03:00,0.333,def
29-05-2023 06:00,0.333,def
29-05-2023 09:00,0.667,def
29-05-2023 12:00,0.667,def
29-05-2023 15:00,1,def
29-05-2023 18:00,1,def
29-05-2023 21:00,1.333,def
30-05-2023 00:00,0.667,def
30-05-2023 03:00,0.333,def
30-05-2023 06:00,0.667,def
30-05-2023 09:00,1,def
30-05-2023 12:00,0.667,def
30-05-2023 15:00,1,def
30-05-2023 18:00,1.333,def
30-05-2023 21:00,2,def
31-05-2023 00:00,2.333,def
31-05-2023 03:00,1.333,def
31-05-2023 06:00,2.333,def
31-05-2023 09:00,1.667,def
31-05-2023 12:00,2.333,def
31-05-2023 15:00,2.667,def
31-05-2023 18:00,2.333,def
31-05-2023 21:00,3,def
01-06-2023 00:00,3.667,def
01-06-2023 03:00,2.333,def
01-06-2023 06:00,3.667,def
01-06-2023 09:00,2,def
01-06-2023 12:00,3,def
01-06-2023 15:00,2.333,def
01-06-2023 18:00,2.333,def
01-06-2023 21:00,2,def
02-06-2023 00:00,2,def
02-06-2023 03:00,1.333,def
02-06-2023 06:00,1.333,def
02-06-2023 09:00,0.667,def
02-06-2023 12:00,0.667,def
02-06-2023 15:00,0.667,def
02-06-2023 18:00,1,def
02-06-2023 21:00,1.667,def
03-06-2023 00:00,1,def
03-06-2023 03:00,0.667,def
03-06-2023 06:00,0.667,def
03-06-2023 09:00,0.667,def
03-06-2023 12:00,0.333,def
03-06-2023 15:00,0.333,def
03-06-2023 18:00,0.667,def
03-06-2023 21:00,1.667,def
04-06-2023 00:00,2,def
04-06-2023 03:00,1,def
04-06-2023 06:00,2,def
04-06-2023 09:00,2.333,def
04-06-2023 12:00,1.333,def
04-06-2023 15:00,1.333,def
04-06-2023 18:00,4,def
04-06-2023 21:00,2,def
05-06-2023 00:00,0.333,def
05-06-2023 03:00,0.667,def
05-06-2023 06:00,1,def
05-06-2023 09:00,1.333,def
05-06-2023 12:00,0.333,def
05-06-2023 15:00,0.667,def
05-06-2023 18:00,1.667,def
05-06-2023 21:00,1.667,def
06-06-2023 00:00,2.667,def
06-06-2023 03:00,2,def
06-06-2023 06:00,1,def
06-06-2023 09:00,1.333,def
06-06-2023 12:00,2,def
06-06-2023 15:00,0.667,def
06-06-2023 18:00,0.667,def
06-06-2023 21:00,0.333,def
07-06-2023 00:00,0.333,def
07-06-2023 03:00,0.667,def
07-06-2023 06:00,0.333,def
07-06-2023 09:00,1,def
07-06-2023 12:00,0.667,def
07-06-2023 15:00,0.333,def
07-06-2023 18:00,0.667,def
07-06-2023 21:00,2,def
08-06-2023 00:00,1.667,def
08-06-2023 03:00,1.333,def
08-06-2023 06:00,1,def
08-06-2023 09:00,1.333,def
08-06-2023 12:00,1.667,def
08-06-2023 15:00,1,def
08-06-2023 18:00,1,def
08-06-2023 21:00,0.333,def
09-06-2023 00:00,1,def
09-06-2023 03:00,0.667,def
09-06-2023 06:00,0,def
09-06-2023 09:00,0.333,def
09-06-2023 12:00,0,def
09-06-2023 15:00,1,def
09-06-2023 18:00,1.667,def
09-06-2023 21:00,1,def
10-06-2023 00:00,0.667,def
10-06-2023 03:00,0.333,def
10-06-2023 06:00,0.333,def
10-06-2023 09:00,1.333,def
10-06-2023 12:00,1.333,def
10-06-2023 15:00,1.333,def
10-06-2023 18:00,1.333,def
10-06-2023 21:00,0.667,def
11-06-2023 00:00,2.333,def
11-06-2023 03:00,3,def
11-06-2023 06:00,2.333,def
11-06-2023 09:00,1.333,def
11-06-2023 12:00,2,def
11-06-2023 15:00,2.667,def
11-06-2023 18:00,1.667,def
11-06-2023 21:00,1.333,def
12-06-2023 00:00,1.333,def
12-06-2023 03:00,1,def
12-06-2023 06:00,1.333,def
12-06-2023 09:00,1.333,def
12-06-2023 12:00,2.333,def
12-06-2023 15:00,2,def
12-06-2023 18:00,1.333,def
12-06-2023 21:00,1.333,def
13-06-2023 00:00,1,def
13-06-2023 03:00,1,def
13-06-2023 06:00,1.333,def
13-06-2023 09:00,1.333,def
13-06-2023 12:00,1.333,def
13-06-2023 15:00,2.333,def
13-06-2023 18:00,0.667,def
13-06-2023 21:00,1.333,def
14-06-2023 00:00,2.667,def
14-06-2023 03:00,0.667,def
14-06-2023 06:00,0.333,def
14-06-2023 09:00,0.667,def
14-06-2023 12:00,0.333,def
14-06-2023 15:00,0.667,def
14-06-2023 18:00,0.333,def
14-06-2023 21:00,0.333,def
15-06-2023 00:00,1.333,def
15-06-2023 03:00,1.333,def
15-06-2023 06:00,1.333,def
15-06-2023 09:00,2,def
15-06-2023 12:00,4.333,def
15-06-2023 15:00,5,def
15-06-2023 18:00,5,def
15-06-2023 21:00,5.333,def
16-06-2023 00:00,4.667,def
16-06-2023 03:00,6,def
16-06-2023 06:00,4,def
16-06-2023 09:00,4.667,def
16-06-2023 12:00,4,def
16-06-2023 15:00,3,def
16-06-2023 18:00,2.667,def
16-06-2023 21:00,3,def
17-06-2023 00:00,2.333,def
17-06-2023 03:00,2,def
17-06-2023 06:00,2,def
17-06-2023 09:00,2,def
17-06-2023 12:00,1.667,def
17-06-2023 15:00,2.333,def
17-06-2023 18:00,2,def
17-06-2023 21:00,1.667,def
18-06-2023 00:00,2.667,def
18-06-2023 03:00,2.333,def
18-06-2023 06:00,1.333,def
18-06-2023 09:00,1.667,def
18-06-2023 12:00,1.667,def
18-06-2023 15:00,2.333,def
18-06-2023 18:00,3,def
18-06-2023 21:00,2,def
19-06-2023 00:00,2.333,def
19-06-2023 03:00,1.667,def
19-06-2023 06:00,1.667,def
19-06-2023 09:00,1.333,def
19-06-2023 12:00,2.333,def
19-06-2023 15:00,3,def
19-06-2023 18:00,3.333,def
19-06-2023 21:00,3.333,def
20-06-2023 00:00,2.667,def
20-06-2023 03:00,2,def
20-06-2023 06:00,1,def
20-06-2023 09:00,1.667,def
20-06-2023 12:00,2,def
20-06-2023 15:00,2.333,def
20-06-2023 18:00,1.667,def
20-06-2023 21:00,2.667,def
21-06-2023 00:00,2,def
21-06-2023 03:00,2,def
21-06-2023 06:00,1,def
21-06-2023 09:00,1,def
21-06-2023 12:00,1,def
21-06-2023 15:00,0.667,def
21-06-2023 18:00,1.333,def
21-06-2023 21:00,2.667,def
22-06-2023 00:00,0.667,def
22-06-2023 03:00,1.333,def
22-06-2023 06:00,2.667,def
22-06-2023 09:00,2.667,def
22-06-2023 12:00,2.667,def
22-06-2023 15:00,2,def
22-06-2023 18:00,2.333,def
22-06-2023 21:00,2.667,def
23-06-2023 00:00,2.333,def
23-06-2023 03:00,2,def
23-06-2023 06:00,1.333,def
23-06-2023 09:00,2.333,def
23-06-2023 12:00,2,def
23-06-2023 15:00,2.667,def
23-06-2023 18:00,2.333,def
23-06-2023 21:00,2,def
24-06-2023 00:00,1.333,def
24-06-2023 03:00,3,def
24-06-2023 06:00,3,def
24-06-2023 09:00,2.333,def
24-06-2023 12:00,2.667,def
24-06-2023 15:00,3,def
24-06-2023 18:00,3.667,def
24-06-2023 21:00,4.333,def
25-06-2023 00:00,5,def
25-06-2023 03:00,2.333,def
25-06-2023 06:00,1.667,def
25-06-2023 09:00,1,def
25-06-2023 12:00,2.333,def
25-06-2023 15:00,3.333,def
25-06-2023 18:00,3.333,def
25-06-2023 21:00,2.667,def
26-06-2023 00:00,2,def
26-06-2023 03:00,2.333,def
26-06-2023 06:00,2.333,def
26-06-2023 09:00,2,def
26-06-2023 12:00,2.667,def
26-06-2023 15:00,3,def
26-06-2023 18:00,2,def
26-06-2023 21:00,3,def
27-06-2023 00:00,2.333,def
27-06-2023 03:00,2,def
27-06-2023 06:00,2.333,def
27-06-2023 09:00,1.667,def
27-06-2023 12:00,2,def
27-06-2023 15:00,2,def
27-06-2023 18:00,1.667,def
27-06-2023 21:00,2,def
28-06-2023 00:00,2,def
28-06-2023 03:00,2.333,def
28-06-2023 06:00,1.333,def
28-06-2023 09:00,2.333,def
28-06-2023 12:00,1.667,def
28-06-2023 15:00,1.333,def
28-06-2023 18:00,2,def
28-06-2023 21:00,2.333,def
29-06-2023 00:00,2.667,def
29-06-2023 03:00,3.333,def
29-06-2023 06:00,3,def
29-06-2023 09:00,3,def
29-06-2023 12:00,1.667,def
29-06-2023 15:00,3.667,def
29-06-2023 18:00,3.667,def
29-06-2023 21:00,3.333,def
30-06-2023 00:00,2.667,def
30-06-2023 03:00,1.333,def
30-06-2023 06:00,1.667,def
30-06-2023 09:00,1.667,def
30-06-2023 12:00,3,def
30-06-2023 15:00,1.667,def
30-06-2023 18:00,0.333,def
30-06-2023 21:00,0,def
01-07-2023 00:00,2,def
01-07-2023 03:00,2,def
01-07-2023 06:00,0.667,def
01-07-2023 09:00,0.667,def
01-07-2023 12:00,0.667,def
01-07-2023 15:00,0.667,def
01-07-2023 18:00,1,def
01-07-2023 21:00,1.333,def
02-07-2023 00:00,0.667,def
02-07-2023 03:00,1.333,def
02-07-2023 06:00,0.667,def
02-07-2023 09:00,1.333,def
02-07-2023 12:00,1.667,def
02-07-2023 15:00,1,def
02-07-2023 18:00,0.333,def
02-07-2023 21:00,1,def
03-07-2023 00:00,1.333,def
03-07-2023 03:00,0.667,def
03-07-2023 06:00,0.667,def
03-07-2023 09:00,1,def
03-07-2023 12:00,1,def
03-07-2023 15:00,1,def
03-07-2023 18:00,0.667,def
03-07-2023 21:00,1.333,def
04-07-2023 00:00,0.667,def
04-07-2023 03:00,1,def
04-07-2023 06:00,0.667,def
04-07-2023 09:00,0.667,def
04-07-2023 12:00,1,def
04-07-2023 15:00,1,def
04-07-2023 18:00,0.667,def
04-07-2023 21:00,0.667,def
05-07-2023 00:00,1.333,def
05-07-2023 03:00,0.667,def
05-07-2023 06:00,0.333,def
05-07-2023 09:00,0.333,def
05-07-2023 12:00,1.333,def
05-07-2023 15:00,2.667,def
05-07-2023 18:00,1.667,def
05-07-2023 21:00,2.333,def
06-07-2023 00:00,2,def
06-07-2023 03:00,2,def
06-07-2023 06:00,1.667,def
06-07-2023 09:00,3.333,def
06-07-2023 12:00,3,def
06-07-2023 15:00,2.333,def
06-07-2023 18:00,1.667,def
06-07-2023 21:00,2.667,def
07-07-2023 00:00,3,def
07-07-2023 03:00,2.667,def
07-07-2023 06:00,3.667,def
07-07-2023 09:00,4,def
07-07-2023 12:00,2.667,def
07-07-2023 15:00,2.667,def
07-07-2023 18:00,3.667,def
07-07-2023 21:00,3.333,def
08-07-2023 00:00,3.333,def
08-07-2023 03:00,1.333,def
08-07-2023 06:00,1.333,def
08-07-2023 09:00,1,def
08-07-2023 12:00,0.333,def
08-07-2023 15:00,1,def
08-07-2023 18:00,1.333,def
08-07-2023 21:00,0.667,def
09-07-2023 00:00,0,def
09-07-2023 03:00,0.333,def
09-07-2023 06:00,0.333,def
09-07-2023 09:00,1,def
09-07-2023 12:00,1,def
09-07-2023 15:00,1.333,def
09-07-2023 18:00,0.667,def
09-07-2023 21:00,1,def
10-07-2023 00:00,1,def
10-07-2023 03:00,1,def
10-07-2023 06:00,0.333,def
10-07-2023 09:00,1,def
10-07-2023 12:00,1.333,def
10-07-2023 15:00,1,def
10-07-2023 18:00,1.333,def
10-07-2023 21:00,0.667,def
11-07-2023 00:00,2,def
11-07-2023 03:00,0.667,def
11-07-2023 06:00,2.667,def
11-07-2023 09:00,1,def
11-07-2023 12:00,2,def
11-07-2023 15:00,2,def
11-07-2023 18:00,1.667,def
11-07-2023 21:00,1.667,def
12-07-2023 00:00,2,def
12-07-2023 03:00,1.333,def
12-07-2023 06:00,1.333,def
12-07-2023 09:00,1.333,def
12-07-2023 12:00,1.333,def
12-07-2023 15:00,1.667,def
12-07-2023 18:00,2.333,def
12-07-2023 21:00,1,def
13-07-2023 00:00,2,def
13-07-2023 03:00,0.667,def
13-07-2023 06:00,1.333,def
13-07-2023 09:00,0.667,def
13-07-2023 12:00,1.333,def
13-07-2023 15:00,3,def
13-07-2023 18:00,2.333,def
13-07-2023 21:00,1.667,def
14-07-2023 00:00,3,def
14-07-2023 03:00,3.333,def
14-07-2023 06:00,3.333,def
14-07-2023 09:00,1.667,def
14-07-2023 12:00,2.667,def
14-07-2023 15:00,4.333,def
14-07-2023 18:00,4.667,def
14-07-2023 21:00,3.667,def
15-07-2023 00:00,2.667,def
15-07-2023 03:00,1.667,def
15-07-2023 06:00,1,def
15-07-2023 09:00,2.667,def
15-07-2023 12:00,2.333,def
15-07-2023 15:00,1,def
15-07-2023 18:00,0.667,def
15-07-2023 21:00,0.667,def
16-07-2023 00:00,0.667,def
16-07-2023 03:00,0.667,def
16-07-2023 06:00,0.333,def
16-07-2023 09:00,0.333,def
16-07-2023 12:00,0.667,def
16-07-2023 15:00,0.667,def
16-07-2023 18:00,3.333,def
16-07-2023 21:00,4,def
17-07-2023 00:00,2.667,def
17-07-2023 03:00,1.667,def
17-07-2023 06:00,4,def
17-07-2023 09:00,4,def
17-07-2023 12:00,3,def
17-07-2023 15:00,2,def
17-07-2023 18:00,4.667,def
17-07-2023 21:00,4.333,def
18-07-2023 00:00,4.333,def
18-07-2023 03:00,2.667,def
18-07-2023 06:00,2,def
18-07-2023 09:00,1.667,def
18-07-2023 12:00,3.333,def
18-07-2023 15:00,1.333,def
18-07-2023 18:00,3.667,def
18-07-2023 21:00,1.667,def
19-07-2023 00:00,0.667,def
19-07-2023 03:00,1,def
19-07-2023 06:00,1.333,def
19-07-2023 09:00,1,def
19-07-2023 12:00,1.333,def
19-07-2023 15:00,1,def
19-07-2023 18:00,0.667,def
19-07-2023 21:00,0.667,def
20-07-2023 00:00,0.667,def
20-07-2023 03:00,1,def
20-07-2023 06:00,0.667,def
20-07-2023 09:00,0.667,def
20-07-2023 12:00,1.333,def
20-07-2023 15:00,4.333,def
20-07-2023 18:00,3.667,def
20-07-2023 21:00,2,def
21-07-2023 00:00,2.333,def
21-07-2023 03:00,3.333,def
21-07-2023 06:00,1.667,def
21-07-2023 09:00,1.333,def
21-07-2023 12:00,1,def
21-07-2023 15:00,2,def
21-07-2023 18:00,2.333,def
21-07-2023 21:00,4.333,def
22-07-2023 00:00,3,def
22-07-2023 03:00,2.667,def
22-07-2023 06:00,2.333,def
22-07-2023 09:00,2,def
22-07-2023 12:00,1.667,def
22-07-2023 15:00,0.333,def
22-07-2023 18:00,1,def
22-07-2023 21:00,1.667,def
23-07-2023 00:00,0.333,def
23-07-2023 03:00,0.667,def
23-07-2023 06:00,1.333,def
23-07-2023 09:00,1,def
23-07-2023 12:00,1.667,def
23-07-2023 15:00,2.333,def
23-07-2023 18:00,2.333,def
23-07-2023 21:00,2,def
24-07-2023 00:00,2.333,def
24-07-2023 03:00,1.333,def
24-07-2023 06:00,0.667,def
24-07-2023 09:00,1,def
24-07-2023 12:00,1.667,def
24-07-2023 15:00,1,def
24-07-2023 18:00,1.667,def
24-07-2023 21:00,2.333,def
25-07-2023 00:00,1,def
25-07-2023 03:00,0.667,def
25-07-2023 06:00,1.667,def
25-07-2023 09:00,0.667,def
25-07-2023 12:00,2,def
25-07-2023 15:00,1.667,def
25-07-2023 18:00,2.333,def
25-07-2023 21:00,4.333,def
26-07-2023 00:00,3.333,def
26-07-2023 03:00,4.667,def
26-07-2023 06:00,4,def
26-07-2023 09:00,3.333,def
26-07-2023 12:00,3,def
26-07-2023 15:00,3,def
26-07-2023 18:00,2.667,def
26-07-2023 21:00,2.333,def
27-07-2023 00:00,2,def
27-07-2023 03:00,1.667,def
27-07-2023 06:00,1.333,def
27-07-2023 09:00,2,def
27-07-2023 12:00,1,def
27-07-2023 15:00,2,def
27-07-2023 18:00,1.667,def
27-07-2023 21:00,1,def
28-07-2023 00:00,0.333,def
28-07-2023 03:00,0.333,def
28-07-2023 06:00,0.333,def
28-07-2023 09:00,1,def
28-07-2023 12:00,2,def
28-07-2023 15:00,1.333,def
28-07-2023 18:00,2.333,def
28-07-2023 21:00,2.333,def
29-07-2023 00:00,2,def
29-07-2023 03:00,2.333,def
29-07-2023 06:00,0.333,def
29-07-2023 09:00,1,def
29-07-2023 12:00,3,def
29-07-2023 15:00,3,def
29-07-2023 18:00,2.333,def
29-07-2023 21:00,1.667,def
30-07-2023 00:00,0.667,def
30-07-2023 03:00,2.667,def
30-07-2023 06:00,1.333,def
30-07-2023 09:00,2.333,def
30-07-2023 12:00,2.667,def
30-07-2023 15:00,2,def
30-07-2023 18:00,2,def
30-07-2023 21:00,1.667,def
31-07-2023 00:00,1,def
31-07-2023 03:00,1,def
31-07-2023 06:00,1.667,def
31-07-2023 09:00,1.333,def
31-07-2023 12:00,2,def
31-07-2023 15:00,2.333,def
31-07-2023 18:00,0.667,def
31-07-2023 21:00,1.333,def
01-08-2023 00:00,2,def
01-08-2023 03:00,1.667,def
01-08-2023 06:00,0.667,def
01-08-2023 09:00,1.333,def
01-08-2023 12:00,3,def
01-08-2023 15:00,2.667,def
01-08-2023 18:00,2.333,def
01-08-2023 21:00,2,def
02-08-2023 00:00,1.667,def
02-08-2023 03:00,1.333,def
02-08-2023 06:00,1,def
02-08-2023 09:00,3.333,def
02-08-2023 12:00,4,def
02-08-2023 15:00,3.667,def
02-08-2023 18:00,2,def
02-08-2023 21:00,1.667,def
03-08-2023 00:00,1.333,def
03-08-2023 03:00,1.667,def
03-08-2023 06:00,1.333,def
03-08-2023 09:00,2,def
03-08-2023 12:00,1.667,def
03-08-2023 15:00,1.333,def
03-08-2023 18:00,0.333,def
03-08-2023 21:00,0.333,def
04-08-2023 00:00,0,def
04-08-2023 03:00,0.667,def
04-08-2023 06:00,1.333,def
04-08-2023 09:00,1.333,def
04-08-2023 12:00,2.667,def
04-08-2023 15:00,4,def
04-08-2023 18:00,4,def
04-08-2023 21:00,4,def
05-08-2023 00:00,5,def
05-08-2023 03:00,6.333,def
05-08-2023 06:00,5.333,def
05-08-2023 09:00,4.667,def
05-08-2023 12:00,3.333,def
05-08-2023 15:00,1.667,def
05-08-2023 18:00,0.667,def
05-08-2023 21:00,0.667,def
06-08-2023 00:00,0,def
06-08-2023 03:00,0.333,def
06-08-2023 06:00,0,def
06-08-2023 09:00,0,def
06-08-2023 12:00,0.333,def
06-08-2023 15:00,0.667,def
06-08-2023 18:00,1,def
06-08-2023 21:00,0.333,def
07-08-2023 00:00,3,def
07-08-2023 03:00,2,def
07-08-2023 06:00,0.333,def
07-08-2023 09:00,1,def
07-08-2023 12:00,2,def
07-08-2023 15:00,1.333,def
07-08-2023 18:00,2.667,def
07-08-2023 21:00,4,def
08-08-2023 00:00,4,def
08-08-2023 03:00,1.333,def
08-08-2023 06:00,0.667,def
08-08-2023 09:00,1,def
08-08-2023 12:00,1,def
08-08-2023 15:00,1.667,def
08-08-2023 18:00,1.333,def
08-08-2023 21:00,1,def
09-08-2023 00:00,1.667,def
09-08-2023 03:00,1,def
09-08-2023 06:00,1.333,def
09-08-2023 09:00,1,def
09-08-2023 12:00,2,def
09-08-2023 15:00,1.667,def
09-08-2023 18:00,1.667,def
09-08-2023 21:00,2.333,def
10-08-2023 00:00,1.667,def
10-08-2023 03:00,2,def
10-08-2023 06:00,1,def
10-08-2023 09:00,1.333,def
10-08-2023 12:00,1.333,def
10-08-2023 15:00,2.667,def
10-08-2023 18:00,1.333,def
10-08-2023 21:00,1.667,def
11-08-2023 00:00,1,def
11-08-2023 03:00,0.667,def
11-08-2023 06:00,0.667,def
11-08-2023 09:00,0.333,def
11-08-2023 12:00,1,def
11-08-2023 15:00,1.333,def
11-08-2023 18:00,0.667,def
11-08-2023 21:00,1,def
12-08-2023 00:00,1.667,def
12-08-2023 03:00,2.333,def
12-08-2023 06:00,2,def
12-08-2023 09:00,1,def
12-08-2023 12:00,1.333,def
12-08-2023 15:00,1.333,def
12-08-2023 18:00,2,def
12-08-2023 21:00,1.667,def
13-08-2023 00:00,2,def
13-08-2023 03:00,1,def
13-08-2023 06:00,0.667,def
13-08-2023 09:00,0.667,def
13-08-2023 12:00,1,def
13-08-2023 15:00,1,def
13-08-2023 18:00,0.667,def
13-08-2023 21:00,1,def
14-08-2023 00:00,1.333,def
14-08-2023 03:00,0.667,def
14-08-2023 06:00,0.333,def
14-08-2023 09:00,0.333,def
14-08-2023 12:00,1.333,def
14-08-2023 15:00,1,def
14-08-2023 18:00,1.333,def
14-08-2023 21:00,1.333,def
15-08-2023 00:00,0.333,def
15-08-2023 03:00,0.333,def
15-08-2023 06:00,0.333,def
15-08-2023 09:00,0.667,def
15-08-2023 12:00,1,def
15-08-2023 15:00,0.333,def
15-08-2023 18:00,1,def
15-08-2023 21:00,1,def
16-08-2023 00:00,1.667,def
16-08-2023 03:00,1,def
16-08-2023 06:00,0.333,def
16-08-2023 09:00,1,def
16-08-2023 12:00,2.667,def
16-08-2023 15:00,3,def
16-08-2023 18:00,1.667,def
16-08-2023 21:00,1.333,def
17-08-2023 00:00,2.333,def
17-08-2023 03:00,1.667,def
17-08-2023 06:00,2,def
17-08-2023 09:00,0.333,def
17-08-2023 12:00,1.667,def
17-08-2023 15:00,2,def
17-08-2023 18:00,1.333,def
17-08-2023 21:00,0.667,def
18-08-2023 00:00,2,def
18-08-2023 03:00,2,def
18-08-2023 06:00,3,def
18-08-2023 09:00,3,def
18-08-2023 12:00,1.333,def
18-08-2023 15:00,2.333,def
18-08-2023 18:00,2.333,def
18-08-2023 21:00,3,def
19-08-2023 00:00,2.333,def
19-08-2023 03:00,1.333,def
19-08-2023 06:00,1,def
19-08-2023 09:00,1.333,def
19-08-2023 12:00,1.333,def
19-08-2023 15:00,1.333,def
19-08-2023 18:00,3,def
19-08-2023 21:00,2,def
20-08-2023 00:00,3.333,def
20-08-2023 03:00,2.667,def
20-08-2023 06:00,1.333,def
20-08-2023 09:00,2,def
20-08-2023 12:00,1,def
20-08-2023 15:00,1.333,def
20-08-2023 18:00,2,def
20-08-2023 21:00,2,def
21-08-2023 00:00,2,def
21-08-2023 03:00,1.667,def
21-08-2023 06:00,2.667,def
21-08-2023 09:00,2.333,def
21-08-2023 12:00,2.667,def
21-08-2023 15:00,1.333,def
21-08-2023 18:00,2,def
21-08-2023 21:00,1.333,def
22-08-2023 00:00,2.333,def
22-08-2023 03:00,3.333,def
22-08-2023 06:00,2,def
22-08-2023 09:00,1,def
22-08-2023 12:00,1.333,def
22-08-2023 15:00,0.667,def
22-08-2023 18:00,0.667,def
22-08-2023 21:00,1,def
23-08-2023 00:00,1,def
23-08-2023 03:00,0.667,def
23-08-2023 06:00,0.333,def
23-08-2023 09:00,0.333,def
23-08-2023 12:00,0.333,def
23-08-2023 15:00,0.333,def
23-08-2023 18:00,0.667,def
23-08-2023 21:00,1.667,def
24-08-2023 00:00,0,def
24-08-2023 03:00,0.667,def
24-08-2023 06:00,0.667,def
24-08-2023 09:00,0.667,def
24-08-2023 12:00,1.667,def
24-08-2023 15:00,3,def
24-08-2023 18:00,3,def
24-08-2023 21:00,2.667,def
25-08-2023 00:00,2,def
25-08-2023 03:00,0.667,def
25-08-2023 06:00,0.333,def
25-08-2023 09:00,0.333,def
25-08-2023 12:00,1,def
25-08-2023 15:00,1.333,def
25-08-2023 18:00,0.667,def
25-08-2023 21:00,0.667,def
26-08-2023 00:00,1.333,def
26-08-2023 03:00,2,def
26-08-2023 06:00,2,def
26-08-2023 09:00,1.333,def
26-08-2023 12:00,1.667,def
26-08-2023 15:00,1.667,def
26-08-2023 18:00,1.333,def
26-08-2023 21:00,1.667,def
27-08-2023 00:00,3.333,def
27-08-2023 03:00,3.333,def
27-08-2023 06:00,2.333,def
27-08-2023 09:00,1,def
27-08-2023 12:00,1.667,def
27-08-2023 15:00,2,def
27-08-2023 18:00,2.333,def
27-08-2023 21:00,1.333,def
28-08-2023 00:00,1.333,def
28-08-2023 03:00,2,def
28-08-2023 06:00,1.667,def
28-08-2023 09:00,1.667,def
28-08-2023 12:00,1.333,def
28-08-2023 15:00,1.667,def
28-08-2023 18:00,2,def
28-08-2023 21:00,0.667,def
29-08-2023 00:00,0,def
29-08-2023 03:00,0,def
29-08-2023 06:00,0.333,def
29-08-2023 09:00,1.333,def
29-08-2023 12:00,2,def
29-08-2023 15:00,1,def
29-08-2023 18:00,1,def
29-08-2023 21:00,2,def
30-08-2023 00:00,2,def
30-08-2023 03:00,0.667,def
30-08-2023 06:00,1,def
30-08-2023 09:00,1.333,def
30-08-2023 12:00,2,def
30-08-2023 15:00,1.333,def
30-08-2023 18:00,1.333,def
30-08-2023 21:00,0.333,def
31-08-2023 00:00,0.667,def
31-08-2023 03:00,1.333,def
31-08-2023 06:00,1.667,def
31-08-2023 09:00,1.667,def
31-08-2023 12:00,1,def
31-08-2023 15:00,1.333,def
31-08-2023 18:00,2,def
31-08-2023 21:00,1.667,def
01-09-2023 00:00,2.667,pre
01-09-2023 03:00,3,pre
01-09-2023 06:00,2.333,pre
01-09-2023 09:00,2.667,pre
01-09-2023 12:00,3.667,pre
01-09-2023 15:00,2.333,pre
01-09-2023 18:00,2.333,pre
01-09-2023 21:00,1.333,pre
02-09-2023 00:00,3.333,pre
02-09-2023 03:00,4,pre
02-09-2023 06:00,4.667,pre
02-09-2023 09:00,5,pre
02-09-2023 12:00,4.667,pre
02-09-2023 15:00,4,pre
02-09-2023 18:00,4.667,pre
02-09-2023 21:00,5.667,pre
03-09-2023 00:00,5.333,pre
03-09-2023 03:00,3.667,pre
03-09-2023 06:00,4.667,pre
03-09-2023 09:00,3.333,pre
03-09-2023 12:00,3.333,pre
03-09-2023 15:00,3,pre
03-09-2023 18:00,1.333,pre
03-09-2023 21:00,3,pre
04-09-2023 00:00,2.667,pre
04-09-2023 03:00,2.333,pre
04-09-2023 06:00,1,pre
04-09-2023 09:00,0.667,pre
04-09-2023 12:00,1.333,pre
04-09-2023 15:00,2.333,pre
04-09-2023 18:00,2,pre
04-09-2023 21:00,0.667,pre
05-09-2023 00:00,1,pre
05-09-2023 03:00,0.667,pre
05-09-2023 06:00,0.667,pre
05-09-2023 09:00,1,pre
05-09-2023 12:00,1.667,pre
05-09-2023 15:00,3.667,pre
05-09-2023 18:00,4,pre
05-09-2023 21:00,2,pre
06-09-2023 00:00,1.667,pre
06-09-2023 03:00,1,pre
06-09-2023 06:00,2.333,pre
06-09-2023 09:00,0.667,pre
06-09-2023 12:00,3.333,pre
06-09-2023 15:00,2.333,pre
06-09-2023 18:00,0.667,pre
06-09-2023 21:00,0.667,pre
07-09-2023 00:00,2,pre
07-09-2023 03:00,0.667,pre
07-09-2023 06:00,0.667,pre
07-09-2023 09:00,0.667,pre
07-09-2023 12:00,1.667,pre
07-09-2023 15:00,1,pre
07-09-2023 18:00,1,pre
07-09-2023 21:00,2.333,pre
08-09-2023 00:00,3,pre
08-09-2023 03:00,1.333,pre
08-09-2023 06:00,0,pre
08-09-2023 09:00,0.333,pre
08-09-2023 12:00,1.333,pre
08-09-2023 15:00,2.333,pre
08-09-2023 18:00,1.333,pre
08-09-2023 21:00,0.667,pre
09-09-2023 00:00,3,pre
09-09-2023 03:00,1.333,pre
09-09-2023 06:00,1.333,pre
09-09-2023 09:00,2.333,pre
09-09-2023 12:00,2.333,pre
09-09-2023 15:00,2,pre
09-09-2023 18:00,0.333,pre
09-09-2023 21:00,0.333,pre
10-09-2023 00:00,1.333,pre
10-09-2023 03:00,0,pre
10-09-2023 06:00,0,pre
10-09-2023 09:00,0.333,pre
10-09-2023 12:00,0,pre
10-09-2023 15:00,1,pre
10-09-2023 18:00,0.667,pre
10-09-2023 21:00,1,pre
11-09-2023 00:00,1.333,pre
11-09-2023 03:00,1.667,pre
11-09-2023 06:00,1,pre
11-09-2023 09:00,1.333,pre
11-09-2023 12:00,1.333,pre
11-09-2023 15:00,1,pre
11-09-2023 18:00,1.333,pre
11-09-2023 21:00,2,pre
12-09-2023 00:00,1,pre
12-09-2023 03:00,0.333,pre
12-09-2023 06:00,0.667,pre
12-09-2023 09:00,3,pre
12-09-2023 12:00,5.333,pre
12-09-2023 15:00,5.333,pre
12-09-2023 18:00,4,pre
12-09-2023 21:00,4,pre
13-09-2023 00:00,5,pre
13-09-2023 03:00,3.667,pre
13-09-2023 06:00,2,pre
13-09-2023 09:00,2.667,pre
13-09-2023 12:00,3,pre
13-09-2023 15:00,3.333,pre
13-09-2023 18:00,1.667,pre
13-09-2023 21:00,3,pre
14-09-2023 00:00,4.333,pre
14-09-2023 03:00,2.667,pre
14-09-2023 06:00,2.667,pre
14-09-2023 09:00,1.667,pre
14-09-2023 12:00,1.333,pre
14-09-2023 15:00,2.333,pre
14-09-2023 18:00,4,pre
14-09-2023 21:00,4.333,pre
15-09-2023 00:00,2,pre
15-09-2023 03:00,2,pre
15-09-2023 06:00,0.667,pre
15-09-2023 09:00,0.333,pre
15-09-2023 12:00,1.667,pre
15-09-2023 15:00,1.667,pre
15-09-2023 18:00,1,pre
15-09-2023 21:00,2.333,pre
16-09-2023 00:00,1.333,pre
16-09-2023 03:00,0.333,pre
16-09-2023 06:00,0.667,pre
16-09-2023 09:00,0.667,pre
16-09-2023 12:00,0.333,pre
16-09-2023 15:00,1.667,pre
16-09-2023 18:00,3,pre
16-09-2023 21:00,2.667,pre
17-09-2023 00:00,3.333,pre
17-09-2023 03:00,3.333,pre
17-09-2023 06:00,2.667,pre
17-09-2023 09:00,3,pre
17-09-2023 12:00,2.667,pre
17-09-2023 15:00,2.333,pre
17-09-2023 18:00,3.333,pre
17-09-2023 21:00,3,pre
18-09-2023 00:00,4.333,pre
18-09-2023 03:00,4,pre
18-09-2023 06:00,3.333,pre
18-09-2023 09:00,1.667,pre
18-09-2023 12:00,4.333,pre
18-09-2023 15:00,4.667,pre
18-09-2023 18:00,5,pre
18-09-2023 21:00,4,pre
19-09-2023 00:00,5.667,pre
19-09-2023 03:00,6.333,pre
19-09-2023 06:00,4.333,pre
19-09-2023 09:00,4,pre
19-09-2023 12:00,5.667,pre
19-09-2023 15:00,5,pre
19-09-2023 18:00,3.667,pre
19-09-2023 21:00,2.667,pre
20-09-2023 00:00,3.667,pre
20-09-2023 03:00,3.333,pre
20-09-2023 06:00,3.667,pre
20-09-2023 09:00,2.667,pre
20-09-2023 12:00,2.333,pre
20-09-2023 15:00,2,pre
20-09-2023 18:00,3.333,pre
20-09-2023 21:00,3.333,pre
21-09-2023 00:00,2.667,pre
21-09-2023 03:00,2.333,pre
21-09-2023 06:00,2.333,pre
21-09-2023 09:00,1.667,pre
21-09-2023 12:00,2,pre
21-09-2023 15:00,2.333,pre
21-09-2023 18:00,1.333,pre
21-09-2023 21:00,2.667,pre
22-09-2023 00:00,2,pre
22-09-2023 03:00,1.333,pre
22-09-2023 06:00,2.333,pre
22-09-2023 09:00,2.333,pre
22-09-2023 12:00,2,pre
22-09-2023 15:00,3,pre
22-09-2023 18:00,1.333,pre
22-09-2023 21:00,2.333,pre
23-09-2023 00:00,2.667,pre
23-09-2023 03:00,2.667,pre
23-09-2023 06:00,1.333,pre
23-09-2023 09:00,2.333,pre
23-09-2023 12:00,2,pre
23-09-2023 15:00,1.333,pre
23-09-2023 18:00,2,pre
23-09-2023 21:00,2.667,pre
24-09-2023 00:00,2.333,pre
24-09-2023 03:00,1.333,pre
24-09-2023 06:00,2,pre
24-09-2023 09:00,1.667,pre
24-09-2023 12:00,0.667,pre
24-09-2023 15:00,1,pre
24-09-2023 18:00,5.667,pre
24-09-2023 21:00,5.667,pre
25-09-2023 00:00,5.667,pre
25-09-2023 03:00,4.667,pre
25-09-2023 06:00,4,pre
25-09-2023 09:00,3.333,pre
25-09-2023 12:00,3.333,pre
25-09-2023 15:00,2.667,pre
25-09-2023 18:00,2.333,pre
25-09-2023 21:00,2,pre
26-09-2023 00:00,3.333,pre
26-09-2023 03:00,4,pre
26-09-2023 06:00,4.667,pre
26-09-2023 09:00,4.667,pre
26-09-2023 12:00,5,pre
26-09-2023 15:00,3.333,pre
26-09-2023 18:00,3.333,pre
26-09-2023 21:00,3.333,pre
27-09-2023 00:00,3.667,pre
27-09-2023 03:00,3.333,pre
27-09-2023 06:00,3.333,pre
27-09-2023 09:00,3.333,pre
27-09-2023 12:00,2.667,pre
27-09-2023 15:00,3,pre
27-09-2023 18:00,2.333,pre
27-09-2023 21:00,0.667,pre
28-09-2023 00:00,2,pre
28-09-2023 03:00,3,pre
28-09-2023 06:00,0.667,pre
28-09-2023 09:00,1,pre
28-09-2023 12:00,0.667,pre
28-09-2023 15:00,0.333,pre
28-09-2023 18:00,0,pre
28-09-2023 21:00,2,pre
29-09-2023 00:00,2,pre
29-09-2023 03:00,2.667,pre
29-09-2023 06:00,3.667,pre
29-09-2023 09:00,4,pre
29-09-2023 12:00,2.667,pre
29-09-2023 15:00,1,pre
29-09-2023 18:00,0.667,pre
29-09-2023 21:00,1,pre
30-09-2023 00:00,1.667,pre
30-09-2023 03:00,2.333,pre
30-09-2023 06:00,2.667,pre
30-09-2023 09:00,2.333,pre
30-09-2023 12:00,2,pre
30-09-2023 15:00,2,pre
30-09-2023 18:00,2.333,pre
30-09-2023 21:00,2.333,pre
01-10-2023 00:00,3.667,pre
01-10-2023 03:00,1.667,pre
01-10-2023 06:00,2,pre
01-10-2023 09:00,1,pre
01-10-2023 12:00,1.667,pre
01-10-2023 15:00,0.667,pre
01-10-2023 18:00,1.667,pre
01-10-2023 21:00,1.667,pre
02-10-2023 00:00,3,pre
02-10-2023 03:00,3.333,pre
02-10-2023 06:00,1,pre
02-10-2023 09:00,1.333,pre
02-10-2023 12:00,1.667,pre
02-10-2023 15:00,1.333,pre
02-10-2023 18:00,1.333,pre
02-10-2023 21:00,2.333,pre
03-10-2023 00:00,1,pre
03-10-2023 03:00,2.333,pre
03-10-2023 06:00,1.333,pre
03-10-2023 09:00,1,pre
03-10-2023 12:00,2,pre
03-10-2023 15:00,2,pre
03-10-2023 18:00,2,pre
03-10-2023 21:00,2,pre
04-10-2023 00:00,3,pre
04-10-2023 03:00,2.333,pre
04-10-2023 06:00,2.333,pre
04-10-2023 09:00,2,pre
04-10-2023 12:00,1.667,pre
04-10-2023 15:00,1.333,pre
04-10-2023 18:00,2,pre
04-10-2023 21:00,3.667,pre
